dataset,model,metric,language,accuracy,n_seeds,snne_mean,snne_std,snne_var,kle_heat_avg_mean,kle_heat_avg_std,kle_heat_avg_var,graph_degree_mean,graph_degree_std,graph_degree_var,graph_eccen_mean,graph_eccen_std,graph_eccen_var,graph_eigen_mean,graph_eigen_std,graph_eigen_var,graph_lexsim_mean,graph_lexsim_std,graph_lexsim_var,graph_numset_mean,graph_numset_std,graph_numset_var,se_semantic_mean,se_semantic_std,se_semantic_var,se_predictive_mean,se_predictive_std,se_predictive_var,se_cluster_mean,se_cluster_std,se_cluster_var,spec_entail_prob_min_mean,spec_entail_prob_min_std,spec_entail_prob_min_var,spec_baseline_relaxed_mean,spec_baseline_relaxed_std,spec_baseline_relaxed_var,spec_baseline_strict_mean,spec_baseline_strict_std,spec_baseline_strict_var,spec_entail_prob_mean_mean,spec_entail_prob_mean_std,spec_entail_prob_mean_var
sciq,apertus,gemini,en,0.7627118644067796,5,0.5837460317460318,0.03446736125945052,0.0011879989921894703,0.6313842110805507,0.008502143379418774,7.228644204419451e-05,0.6790349206349207,0.01420933018294391,0.0002019050642479208,0.6891492063492064,0.031134882398853304,0.0009693809019904252,0.6816761904761905,0.022268188287882597,0.0004958722096245916,0.6199873015873016,0.019490171047164256,0.0003798667674477199,0.6027619047619048,0.030958867859115342,0.000958451499118165,0.6770730158730159,0.04546696435400829,0.0020672448475686604,0.6074412698412698,0.02069190666081224,0.00042815500125976594,0.6656253968253968,0.04689883614167513,0.002199500831443693,0.7219809523809524,0.026328942293946528,0.0006932132023179663,0.7442666666666666,0.01998973785599811,0.00039958961955152396,0.7528888888888888,0.0,0.0,0.7526349206349207,0.0,0.0
sciq,apertus,gemini,fr,0.6677966101694914,5,0.5338599399150523,0.039347647904139964,0.0015482373955881703,0.5273364313092894,0.03209400097439065,0.001030024898544188,0.5627525121723816,0.017097771220205015,0.0002923337806984709,0.5668807624572672,0.018421572331172247,0.00033935432715261093,0.5732104009116338,0.012644850624149337,0.00015989224730704989,0.5685071998342484,0.01833548568750817,0.000336190035396817,0.5281311509375324,0.03161921995787932,0.0009997750707447539,0.5462084326116232,0.021837708597351155,0.00047688551678282457,0.571211022480058,0.02596250811810777,0.0006740518277828119,0.5344556096550295,0.021763068358952933,0.00047363114439645835,0.5416865223246659,0.022291152732057097,0.0004968954901238966,0.5802962809489277,0.012601481195067675,0.00015879732830964425,0.5568735108256502,0.0,0.0,0.5439759660209262,0.0,0.0
sciq,apertus,gemini,ja,0.44067796610169485,5,0.624941724941725,0.015711059464426025,0.0002468373894947306,0.677954711954712,0.014546776309179919,0.00021160870098931812,0.6904335664335663,0.01468911224809556,0.00021577001863715102,0.6857342657342657,0.013143215618716028,0.00017274411680006095,0.678041958041958,0.024922481302569556,0.0006211300742769291,0.5032400932400932,0.013531895172456076,0.00018311218695834006,0.6394405594405594,0.0019211334390805727,3.6907536907535483e-06,0.6621911421911422,0.011303859271089331,0.00012777723442059224,0.6972773892773894,0.014874958560395507,0.00022126439217348356,0.6577808857808858,0.007201993754270193,5.186871403654686e-05,0.7071328671328672,0.015875512092519004,0.00025203188419971713,0.7297715617715619,0.005358223498530961,2.8710559060209372e-05,0.7285780885780885,0.0,0.0,0.7228904428904429,0.0,0.0
sciq,apertus,gemini,th,,5,,,,,,,,,,,,,,,,,,,,,,,,,,,,,,,0.6071350762527232,0.04675531766669216,0.002186059730113296,0.6380305010893246,0.03575272960102601,0.0012782576739240816,0.639313725490196,0.0,0.0,0.6372549019607844,0.0,0.0
sciq,apertus,gemini,zh,0.4576271186440678,5,0.6132222222222222,0.015549236756748621,0.00024177876371742237,0.6949123677248676,0.01776799012065731,0.0003157014729277758,0.6946666666666667,0.015537914034644742,0.00024142677254801004,0.6888935185185185,0.019459432605249384,0.0003786695173182428,0.6889351851851852,0.012267776008278806,0.0001504983281893011,0.5034351851851853,0.00863443922958106,7.455354080932835e-05,0.6453240740740741,0.010881094759503517,0.00011839822316529489,0.6810046296296297,0.014519588047576647,0.00021081843707133064,0.6850092592592593,0.014339989123630653,0.00020563528806584545,0.678212962962963,0.017196966310704203,0.00029573565029149533,0.716462962962963,0.012408426575057257,0.0001539690500685872,0.7214444444444444,0.008364550582499197,6.996570644718765e-05,0.7202777777777778,0.0,0.0,0.7392592592592594,0.0,0.0
sciq,aya,gemini,en,0.7864406779661017,5,0.5372194854953476,0.04308443903644769,0.001856268887085377,0.5795632062745748,0.007531049921514163,5.6716712920338483e-05,0.6128215654077722,0.028380730635249877,0.0008054658713906109,0.6207512315270935,0.022989528942551074,0.0005285184410003935,0.60309934318555,0.04027901897841815,0.0016223993698637694,0.5913245758073344,0.011456101405885637,0.0001312422594219349,0.5618158182813355,0.025566228517921483,0.0006536320406305817,0.5921866447728517,0.01621206443645908,0.00026283103329190124,0.5732348111658456,0.02594368902540963,0.0006730750002471601,0.5912424740010946,0.022954250777127476,0.0005268976287392574,0.6325088943623426,0.0035548381701903573,1.2636874416242329e-05,0.6333128078817735,0.00485769020251775,2.3597154103636943e-05,0.6348522167487685,0.0,0.0,0.6232211275314724,0.0,0.0
sciq,aya,gemini,fr,0.6745762711864407,5,0.635071189279732,0.01509030056213543,0.00022771717105558485,0.6109644203158651,0.023460229545114564,0.0005503823703094663,0.6392902010050252,0.015019463457024068,0.00022558428253688137,0.6572602596314908,0.017113588309386765,0.00029287490482317937,0.6310667922948074,0.01715358632781044,0.00029424552390564527,0.6466185092127302,0.012698937114786478,0.00016126300384530152,0.6340504606365159,0.014093067399313281,0.0001986145487215868,0.6498900753768845,0.03250410028975104,0.0010565165356461934,0.6424832495812395,0.01356131064883695,0.00018390914651425847,0.6474455611390285,0.02790706367376774,0.000778804202891727,0.6388452680067002,0.014864184122484608,0.00022094396962712352,0.6490656407035175,0.009238902847571173,8.535732582685874e-05,0.6542608877721943,0.0,0.0,0.6369870184254607,0.0,0.0
sciq,aya,gemini,ja,0.5389830508474577,5,0.5409452460229375,0.029969301258093047,0.0008981590178983376,0.5574599651181227,0.03027461178958401,0.000916552119010019,0.5730438401775805,0.024868597043586065,0.0006184471189162575,0.5838050314465408,0.015032314276644308,0.0002259704725118043,0.564086200517943,0.032463770865161674,0.00105389641878572,0.5084119496855346,0.008709456238943205,7.585462797806672e-05,0.5456159822419534,0.02702728050895574,0.0007304738917097789,0.5916712911579726,0.017424513147597392,0.0003036136584307944,0.6317887532371439,0.02171988726351797,0.00047175350273993025,0.5860571587125416,0.01667046854265663,0.0002779045214317043,0.6617878283388827,0.009794136904763166,9.592511770924379e-05,0.6749560673325934,0.004185164631890503,1.7515602996027175e-05,0.6651868294487606,0.0,0.0,0.6465038845726969,0.0,0.0
sciq,aya,gemini,th,,4,,,,,,,,,,,,,,,,,,,,,,,,,,,,,,,,,,0.5547368421052631,0.0,0.0,0.576140350877193,0.0,0.0,0.5115789473684211,0.0,0.0
sciq,aya,gemini,zh,0.5559322033898305,5,0.5522249115620926,0.02842115595984572,0.000807762106093874,0.5680506423384845,0.02087318970231597,0.0004356900483488694,0.593306646806926,0.031146854610307736,0.0009701265521156483,0.6080618134425619,0.03414375073797852,0.0011657957144572085,0.591649599702104,0.02797041442628692,0.0007823440831782395,0.4994647179296221,0.006713058605999109,4.5065155847578694e-05,0.5533559858499348,0.03409465048008227,0.0011624451913589743,0.6054878048780488,0.031293112761439576,0.0009792589063001723,0.6513405324892944,0.015125767909988918,0.0002287888548668505,0.6017501396388011,0.034706137868473604,0.0012045160057454975,0.6652159746788308,0.012022430125676588,0.00014453882612677597,0.676328895922547,0.004119344628560784,1.6969000168852582e-05,0.6669614596909328,0.0,0.0,0.6380096816235338,0.0,0.0
