dataset,model,metric,language,accuracy,snne,kle_heat_avg,graph_degree,graph_eccen,graph_eigen,graph_lexsim,graph_numset,se_semantic,se_predictive,se_cluster,spec_entail_prob_min,spec_baseline_relaxed,spec_baseline_strict,spec_entail_prob_mean
sciq,apertus,gemini,en,0.7627118644067796,0.5837460317460318,0.6313842110805507,0.6790349206349207,0.6891492063492064,0.6816761904761905,0.6199873015873016,0.6027619047619048,0.6770730158730159,0.6074412698412698,0.6656253968253968,0.7219809523809524,0.7442666666666666,0.7528888888888888,0.7526349206349207
sciq,apertus,gemini,fr,0.6677966101694914,0.5338599399150523,0.5273364313092894,0.5627525121723816,0.5668807624572672,0.5732104009116338,0.5685071998342484,0.5281311509375324,0.5462084326116232,0.571211022480058,0.5344556096550295,0.5416865223246659,0.5802962809489277,0.5568735108256502,0.5439759660209262
sciq,apertus,gemini,ja,0.44067796610169485,0.624941724941725,0.677954711954712,0.6904335664335663,0.6857342657342657,0.678041958041958,0.5032400932400932,0.6394405594405594,0.6621911421911422,0.6972773892773894,0.6577808857808858,0.7071328671328672,0.7297715617715619,0.7285780885780885,0.7228904428904429
sciq,apertus,gemini,th,,,,,,,,,,,,0.6071350762527232,0.6380305010893246,0.639313725490196,0.6372549019607844
sciq,apertus,gemini,zh,0.4576271186440678,0.6132222222222222,0.6949123677248676,0.6946666666666667,0.6888935185185185,0.6889351851851852,0.5034351851851853,0.6453240740740741,0.6810046296296297,0.6850092592592593,0.678212962962963,0.716462962962963,0.7214444444444444,0.7202777777777778,0.7392592592592594
sciq,aya,gemini,en,0.7864406779661017,0.5372194854953476,0.5795632062745748,0.6128215654077722,0.6207512315270935,0.60309934318555,0.5913245758073344,0.5618158182813355,0.5921866447728517,0.5732348111658456,0.5912424740010946,0.6325088943623426,0.6333128078817735,0.6348522167487685,0.6232211275314724
sciq,aya,gemini,fr,0.6745762711864407,0.635071189279732,0.6109644203158651,0.6392902010050252,0.6572602596314908,0.6310667922948074,0.6466185092127302,0.6340504606365159,0.6498900753768845,0.6424832495812395,0.6474455611390285,0.6388452680067002,0.6490656407035175,0.6542608877721943,0.6369870184254607
sciq,aya,gemini,ja,0.5389830508474577,0.5409452460229375,0.5574599651181227,0.5730438401775805,0.5838050314465408,0.564086200517943,0.5084119496855346,0.5456159822419534,0.5916712911579726,0.6317887532371439,0.5860571587125416,0.6617878283388827,0.6749560673325934,0.6651868294487606,0.6465038845726969
sciq,aya,gemini,th,,,,,,,,,,,,,0.5547368421052631,0.576140350877193,0.5115789473684211
sciq,aya,gemini,zh,0.5559322033898305,0.5522249115620926,0.5680506423384845,0.593306646806926,0.6080618134425619,0.591649599702104,0.4994647179296221,0.5533559858499348,0.6054878048780488,0.6513405324892944,0.6017501396388011,0.6652159746788308,0.676328895922547,0.6669614596909328,0.6380096816235338
AVG,all,gemini,en,0.7745762711864407,0.5604827586206897,0.6054737086775628,0.6459282430213464,0.65495021893815,0.6423877668308703,0.605655938697318,0.5822888615216202,0.6346298303229339,0.5903380405035576,0.6284339354132458,0.6772449233716475,0.68878973727422,0.6938705528188287,0.6879280240831965
AVG,all,gemini,fr,0.6711864406779661,0.5844655645973922,0.5691504258125772,0.6010213565887035,0.6120705110443789,0.6021385966032207,0.6075628545234892,0.5810908057870241,0.5980492539942539,0.6068471360306487,0.5909505853970289,0.590265895165683,0.6146809608262226,0.6055671992989222,0.5904814922231935
AVG,all,gemini,ja,0.48983050847457626,0.5829434854823312,0.6177073385364173,0.6317387033055735,0.6347696485904033,0.6210640792799504,0.5058260214628139,0.5925282708412565,0.6269312166745573,0.6645330712572666,0.6219190222467137,0.6844603477358749,0.7023638145520776,0.6968824590134246,0.68469716373157
AVG,all,gemini,th,,,,,,,,,,,,0.6071350762527232,0.5963836715972939,0.6077270381836946,0.5744169246646027
AVG,all,gemini,zh,0.5067796610169492,0.5827235668921574,0.631481505031676,0.6439866567367963,0.6484776659805402,0.6402923924436446,0.5014499515574037,0.5993400299620044,0.6432462172538392,0.6681748958742768,0.639981551300882,0.6908394688208969,0.6988866701834957,0.6936196187343553,0.6886344704413966
