dataset,model,metric,language,method,mean,var,std,n_seeds
sciq,apertus,gemini,en,graph_degree,0.6790349206349207,0.0002019050642479208,0.01420933018294391,5
sciq,apertus,gemini,en,graph_eccen,0.6891492063492064,0.0009693809019904252,0.031134882398853304,5
sciq,apertus,gemini,en,graph_eigen,0.6816761904761905,0.0004958722096245916,0.022268188287882597,5
sciq,apertus,gemini,en,graph_lexsim,0.6199873015873016,0.0003798667674477199,0.019490171047164256,5
sciq,apertus,gemini,en,graph_numset,0.6027619047619048,0.000958451499118165,0.030958867859115342,5
sciq,apertus,gemini,en,kle_heat_avg,0.6313842110805507,7.228644204419451e-05,0.008502143379418774,5
sciq,apertus,gemini,en,se_cluster,0.6656253968253968,0.002199500831443693,0.04689883614167513,5
sciq,apertus,gemini,en,se_predictive,0.6074412698412698,0.00042815500125976594,0.02069190666081224,5
sciq,apertus,gemini,en,se_semantic,0.6770730158730159,0.0020672448475686604,0.04546696435400829,5
sciq,apertus,gemini,en,snne,0.5837460317460318,0.0011879989921894703,0.03446736125945052,5
sciq,apertus,gemini,en,spec_baseline_relaxed,0.7442666666666666,0.00039958961955152396,0.01998973785599811,5
sciq,apertus,gemini,en,spec_baseline_strict,0.7528888888888888,0.0,0.0,5
sciq,apertus,gemini,en,spec_entail_prob_mean,0.7526349206349207,0.0,0.0,5
sciq,apertus,gemini,en,spec_entail_prob_min,0.7219809523809524,0.0006932132023179663,0.026328942293946528,5
sciq,apertus,gemini,fr,graph_degree,0.5627525121723816,0.0002923337806984709,0.017097771220205015,5
sciq,apertus,gemini,fr,graph_eccen,0.5668807624572672,0.00033935432715261093,0.018421572331172247,5
sciq,apertus,gemini,fr,graph_eigen,0.5732104009116338,0.00015989224730704989,0.012644850624149337,5
sciq,apertus,gemini,fr,graph_lexsim,0.5685071998342484,0.000336190035396817,0.01833548568750817,5
sciq,apertus,gemini,fr,graph_numset,0.5281311509375324,0.0009997750707447539,0.03161921995787932,5
sciq,apertus,gemini,fr,kle_heat_avg,0.5273364313092894,0.001030024898544188,0.03209400097439065,5
sciq,apertus,gemini,fr,se_cluster,0.5344556096550295,0.00047363114439645835,0.021763068358952933,5
sciq,apertus,gemini,fr,se_predictive,0.571211022480058,0.0006740518277828119,0.02596250811810777,5
sciq,apertus,gemini,fr,se_semantic,0.5462084326116232,0.00047688551678282457,0.021837708597351155,5
sciq,apertus,gemini,fr,snne,0.5338599399150523,0.0015482373955881703,0.039347647904139964,5
sciq,apertus,gemini,fr,spec_baseline_relaxed,0.5802962809489277,0.00015879732830964425,0.012601481195067675,5
sciq,apertus,gemini,fr,spec_baseline_strict,0.5568735108256502,0.0,0.0,5
sciq,apertus,gemini,fr,spec_entail_prob_mean,0.5439759660209262,0.0,0.0,5
sciq,apertus,gemini,fr,spec_entail_prob_min,0.5416865223246659,0.0004968954901238966,0.022291152732057097,5
sciq,apertus,gemini,ja,graph_degree,0.6904335664335663,0.00021577001863715102,0.01468911224809556,5
sciq,apertus,gemini,ja,graph_eccen,0.6857342657342657,0.00017274411680006095,0.013143215618716028,5
sciq,apertus,gemini,ja,graph_eigen,0.678041958041958,0.0006211300742769291,0.024922481302569556,5
sciq,apertus,gemini,ja,graph_lexsim,0.5032400932400932,0.00018311218695834006,0.013531895172456076,5
sciq,apertus,gemini,ja,graph_numset,0.6394405594405594,3.6907536907535483e-06,0.0019211334390805727,5
sciq,apertus,gemini,ja,kle_heat_avg,0.677954711954712,0.00021160870098931812,0.014546776309179919,5
sciq,apertus,gemini,ja,se_cluster,0.6577808857808858,5.186871403654686e-05,0.007201993754270193,5
sciq,apertus,gemini,ja,se_predictive,0.6972773892773894,0.00022126439217348356,0.014874958560395507,5
sciq,apertus,gemini,ja,se_semantic,0.6621911421911422,0.00012777723442059224,0.011303859271089331,5
sciq,apertus,gemini,ja,snne,0.624941724941725,0.0002468373894947306,0.015711059464426025,5
sciq,apertus,gemini,ja,spec_baseline_relaxed,0.7297715617715619,2.8710559060209372e-05,0.005358223498530961,5
sciq,apertus,gemini,ja,spec_baseline_strict,0.7285780885780885,0.0,0.0,5
sciq,apertus,gemini,ja,spec_entail_prob_mean,0.7228904428904429,0.0,0.0,5
sciq,apertus,gemini,ja,spec_entail_prob_min,0.7071328671328672,0.00025203188419971713,0.015875512092519004,5
sciq,apertus,gemini,th,spec_baseline_relaxed,0.6380305010893246,0.0012782576739240816,0.03575272960102601,5
sciq,apertus,gemini,th,spec_baseline_strict,0.639313725490196,0.0,0.0,5
sciq,apertus,gemini,th,spec_entail_prob_mean,0.6372549019607844,0.0,0.0,5
sciq,apertus,gemini,th,spec_entail_prob_min,0.6071350762527232,0.002186059730113296,0.04675531766669216,2
sciq,apertus,gemini,zh,graph_degree,0.6946666666666667,0.00024142677254801004,0.015537914034644742,5
sciq,apertus,gemini,zh,graph_eccen,0.6888935185185185,0.0003786695173182428,0.019459432605249384,5
sciq,apertus,gemini,zh,graph_eigen,0.6889351851851852,0.0001504983281893011,0.012267776008278806,5
sciq,apertus,gemini,zh,graph_lexsim,0.5034351851851853,7.455354080932835e-05,0.00863443922958106,5
sciq,apertus,gemini,zh,graph_numset,0.6453240740740741,0.00011839822316529489,0.010881094759503517,5
sciq,apertus,gemini,zh,kle_heat_avg,0.6949123677248676,0.0003157014729277758,0.01776799012065731,5
sciq,apertus,gemini,zh,se_cluster,0.678212962962963,0.00029573565029149533,0.017196966310704203,5
sciq,apertus,gemini,zh,se_predictive,0.6850092592592593,0.00020563528806584545,0.014339989123630653,5
sciq,apertus,gemini,zh,se_semantic,0.6810046296296297,0.00021081843707133064,0.014519588047576647,5
sciq,apertus,gemini,zh,snne,0.6132222222222222,0.00024177876371742237,0.015549236756748621,5
sciq,apertus,gemini,zh,spec_baseline_relaxed,0.7214444444444444,6.996570644718765e-05,0.008364550582499197,5
sciq,apertus,gemini,zh,spec_baseline_strict,0.7202777777777778,0.0,0.0,5
sciq,apertus,gemini,zh,spec_entail_prob_mean,0.7392592592592594,0.0,0.0,5
sciq,apertus,gemini,zh,spec_entail_prob_min,0.716462962962963,0.0001539690500685872,0.012408426575057257,5
sciq,aya,gemini,en,graph_degree,0.6128215654077722,0.0008054658713906109,0.028380730635249877,5
sciq,aya,gemini,en,graph_eccen,0.6207512315270935,0.0005285184410003935,0.022989528942551074,5
sciq,aya,gemini,en,graph_eigen,0.60309934318555,0.0016223993698637694,0.04027901897841815,5
sciq,aya,gemini,en,graph_lexsim,0.5913245758073344,0.0001312422594219349,0.011456101405885637,5
sciq,aya,gemini,en,graph_numset,0.5618158182813355,0.0006536320406305817,0.025566228517921483,5
sciq,aya,gemini,en,kle_heat_avg,0.5795632062745748,5.6716712920338483e-05,0.007531049921514163,5
sciq,aya,gemini,en,se_cluster,0.5912424740010946,0.0005268976287392574,0.022954250777127476,5
sciq,aya,gemini,en,se_predictive,0.5732348111658456,0.0006730750002471601,0.02594368902540963,5
sciq,aya,gemini,en,se_semantic,0.5921866447728517,0.00026283103329190124,0.01621206443645908,5
sciq,aya,gemini,en,snne,0.5372194854953476,0.001856268887085377,0.04308443903644769,5
sciq,aya,gemini,en,spec_baseline_relaxed,0.6333128078817735,2.3597154103636943e-05,0.00485769020251775,4
sciq,aya,gemini,en,spec_baseline_strict,0.6348522167487685,0.0,0.0,4
sciq,aya,gemini,en,spec_entail_prob_mean,0.6232211275314724,0.0,0.0,4
sciq,aya,gemini,en,spec_entail_prob_min,0.6325088943623426,1.2636874416242329e-05,0.0035548381701903573,4
sciq,aya,gemini,fr,graph_degree,0.6392902010050252,0.00022558428253688137,0.015019463457024068,5
sciq,aya,gemini,fr,graph_eccen,0.6572602596314908,0.00029287490482317937,0.017113588309386765,5
sciq,aya,gemini,fr,graph_eigen,0.6310667922948074,0.00029424552390564527,0.01715358632781044,5
sciq,aya,gemini,fr,graph_lexsim,0.6466185092127302,0.00016126300384530152,0.012698937114786478,5
sciq,aya,gemini,fr,graph_numset,0.6340504606365159,0.0001986145487215868,0.014093067399313281,5
sciq,aya,gemini,fr,kle_heat_avg,0.6109644203158651,0.0005503823703094663,0.023460229545114564,5
sciq,aya,gemini,fr,se_cluster,0.6474455611390285,0.000778804202891727,0.02790706367376774,5
sciq,aya,gemini,fr,se_predictive,0.6424832495812395,0.00018390914651425847,0.01356131064883695,5
sciq,aya,gemini,fr,se_semantic,0.6498900753768845,0.0010565165356461934,0.03250410028975104,5
sciq,aya,gemini,fr,snne,0.635071189279732,0.00022771717105558485,0.01509030056213543,5
sciq,aya,gemini,fr,spec_baseline_relaxed,0.6490656407035175,8.535732582685874e-05,0.009238902847571173,4
sciq,aya,gemini,fr,spec_baseline_strict,0.6542608877721943,0.0,0.0,4
sciq,aya,gemini,fr,spec_entail_prob_mean,0.6369870184254607,0.0,0.0,4
sciq,aya,gemini,fr,spec_entail_prob_min,0.6388452680067002,0.00022094396962712352,0.014864184122484608,4
sciq,aya,gemini,ja,graph_degree,0.5730438401775805,0.0006184471189162575,0.024868597043586065,5
sciq,aya,gemini,ja,graph_eccen,0.5838050314465408,0.0002259704725118043,0.015032314276644308,5
sciq,aya,gemini,ja,graph_eigen,0.564086200517943,0.00105389641878572,0.032463770865161674,5
sciq,aya,gemini,ja,graph_lexsim,0.5084119496855346,7.585462797806672e-05,0.008709456238943205,5
sciq,aya,gemini,ja,graph_numset,0.5456159822419534,0.0007304738917097789,0.02702728050895574,5
sciq,aya,gemini,ja,kle_heat_avg,0.5574599651181227,0.000916552119010019,0.03027461178958401,5
sciq,aya,gemini,ja,se_cluster,0.5860571587125416,0.0002779045214317043,0.01667046854265663,5
sciq,aya,gemini,ja,se_predictive,0.6317887532371439,0.00047175350273993025,0.02171988726351797,5
sciq,aya,gemini,ja,se_semantic,0.5916712911579726,0.0003036136584307944,0.017424513147597392,5
sciq,aya,gemini,ja,snne,0.5409452460229375,0.0008981590178983376,0.029969301258093047,5
sciq,aya,gemini,ja,spec_baseline_relaxed,0.6749560673325934,1.7515602996027175e-05,0.004185164631890503,4
sciq,aya,gemini,ja,spec_baseline_strict,0.6651868294487606,0.0,0.0,4
sciq,aya,gemini,ja,spec_entail_prob_mean,0.6465038845726969,0.0,0.0,4
sciq,aya,gemini,ja,spec_entail_prob_min,0.6617878283388827,9.592511770924379e-05,0.009794136904763166,4
sciq,aya,gemini,th,spec_baseline_relaxed,0.5547368421052631,0.0,0.0,3
sciq,aya,gemini,th,spec_baseline_strict,0.576140350877193,0.0,0.0,4
sciq,aya,gemini,th,spec_entail_prob_mean,0.5115789473684211,0.0,0.0,4
sciq,aya,gemini,zh,graph_degree,0.593306646806926,0.0009701265521156483,0.031146854610307736,5
sciq,aya,gemini,zh,graph_eccen,0.6080618134425619,0.0011657957144572085,0.03414375073797852,5
sciq,aya,gemini,zh,graph_eigen,0.591649599702104,0.0007823440831782395,0.02797041442628692,5
sciq,aya,gemini,zh,graph_lexsim,0.4994647179296221,4.5065155847578694e-05,0.006713058605999109,5
sciq,aya,gemini,zh,graph_numset,0.5533559858499348,0.0011624451913589743,0.03409465048008227,5
sciq,aya,gemini,zh,kle_heat_avg,0.5680506423384845,0.0004356900483488694,0.02087318970231597,5
sciq,aya,gemini,zh,se_cluster,0.6017501396388011,0.0012045160057454975,0.034706137868473604,5
sciq,aya,gemini,zh,se_predictive,0.6513405324892944,0.0002287888548668505,0.015125767909988918,5
sciq,aya,gemini,zh,se_semantic,0.6054878048780488,0.0009792589063001723,0.031293112761439576,5
sciq,aya,gemini,zh,snne,0.5522249115620926,0.000807762106093874,0.02842115595984572,5
sciq,aya,gemini,zh,spec_baseline_relaxed,0.676328895922547,1.6969000168852582e-05,0.004119344628560784,4
sciq,aya,gemini,zh,spec_baseline_strict,0.6669614596909328,0.0,0.0,4
sciq,aya,gemini,zh,spec_entail_prob_mean,0.6380096816235338,0.0,0.0,4
sciq,aya,gemini,zh,spec_entail_prob_min,0.6652159746788308,0.00014453882612677597,0.012022430125676588,4
