split,answer_type,question_id,image_id,question_type,question,multiple_choice_answer,answers_joined,image_path
val2014,other,4689545,0,Other,What brand makes the gaming system shown?,nintendo,nintendo; nintendo; nintendo; nintendo; wii; wii; wii; wii; sony; sony,snne/okvqa/images/OKVQA_val2014_000000000000_4689545.jpg
val2014,other,1929325,0,Sports and Recreation,What areas of the united states would this sport be common in?,north,north; north; north; north; minnesota; minnesota; muntains; muntains; mountains; mountains,snne/okvqa/images/OKVQA_val2014_000000000000_1929325.jpg
val2014,other,3040445,0,"Objects, Material and Clothing",How high off the ground are these traffic lights?,15 feet,15 feet; 15 feet; 15 feet; 15 feet; clearance; clearance; 20 feet; 20 feet; 25 feet; 25 feet,snne/okvqa/images/OKVQA_val2014_000000000000_3040445.jpg
val2014,other,1054265,0,Other,What time of the day is it?,morning,morning; morning; morning; morning; morning; morning; morning; morning; afternoon; afternoon,snne/okvqa/images/OKVQA_val2014_000000000000_1054265.jpg
val2014,other,4093465,0,Other,A top like these seen here with a collar which buttons down the front is usually referred to as a what?,blouse,blouse; blouse; blouse; blouse; button down; button down; blazer; blazer; button up; button up,snne/okvqa/images/OKVQA_val2014_000000000000_4093465.jpg
val2014,other,2099955,0,"Objects, Material and Clothing",What kind of pants is the woman wearing?,jeans,jeans; jeans; jeans; jeans; jeans; jeans; blue; blue; skirt; skirt,snne/okvqa/images/OKVQA_val2014_000000000000_2099955.jpg
val2014,other,2309035,0,Vehicles and Transportation,How is this vehicle powered?,electricity,electricity; electricity; electricity; electricity; electricity; electricity; electric; electric; electricy; electricy,snne/okvqa/images/OKVQA_val2014_000000000000_2309035.jpg
val2014,other,5379826,0,Cooking and Food,Why so many green vegetables?,healthy,healthy; healthy; healthy; healthy; make salad; make salad; lots of vegetables are green; lots of vegetables are green; salad; salad,snne/okvqa/images/OKVQA_val2014_000000000000_5379826.jpg
val2014,other,343215,0,"Objects, Material and Clothing",What kind of bear?,teddy,teddy; teddy; teddy; teddy; teddy; teddy; stuffed; stuffed; stuffed; stuffed,snne/okvqa/images/OKVQA_val2014_000000000000_343215.jpg
val2014,other,4069085,0,"Geography, History, Language and Culture",What is the name of the location being featured in this photo?,park,park; park; park; park; field; field; sideline; sideline; soccer field or park; soccer field or park,snne/okvqa/images/OKVQA_val2014_000000000000_4069085.jpg
val2014,other,2026565,0,Plants and Animals,How long do trees like this live?,100 years,100 years; 100 years; 100 years; 100 years; 100 yrs; 100 yrs; years; years; 30 years; 30 years,snne/okvqa/images/OKVQA_val2014_000000000000_2026565.jpg
val2014,other,1139755,0,Sports and Recreation,Where might you see this?,dog show,dog show; dog show; dog show; dog show; in dog show; in dog show; circus; circus; dogshow; dogshow,snne/okvqa/images/OKVQA_val2014_000000000000_1139755.jpg
val2014,other,3318165,0,Weather and Climate,What kind of fabric product is produced from these animals?,wool,wool; wool; wool; wool; wool; wool; wool; wool; cotton; cotton,snne/okvqa/images/OKVQA_val2014_000000000000_3318165.jpg
val2014,other,5069455,0,Science and Technology,What is the term for the effect used in this photo?,fisheye,fisheye; fisheye; fisheye; fisheye; reflection; reflection; zoom; zoom; wide angle; wide angle,snne/okvqa/images/OKVQA_val2014_000000000000_5069455.jpg
val2014,other,3419335,0,Cooking and Food,Under what family do these two vegetables fall in?,root,root; root; root; root; umbellifer; umbellifer; umbellifers; umbellifers; roots; roots,snne/okvqa/images/OKVQA_val2014_000000000000_3419335.jpg
val2014,other,348775,0,Cooking and Food,What type of pizza is this?,cheese,cheese; cheese; cheese; cheese; half eaten; half eaten; white; white; hand tossed; hand tossed,snne/okvqa/images/OKVQA_val2014_000000000000_348775.jpg
val2014,other,4675935,0,Plants and Animals,What kind of bird is pictured here?,peacock,peacock; peacock; peacock; peacock; peacock; peacock; bird of paradise; bird of paradise; hawk; hawk,snne/okvqa/images/OKVQA_val2014_000000000000_4675935.jpg
val2014,other,3728615,0,"Brands, Companies and Products",How long is this size bed?,75 inches,75 inches; 75 inches; 75 inches; 75 inches; 6 feet; 6 feet; 7ft; 7ft; 80 inches; 80 inches,snne/okvqa/images/OKVQA_val2014_000000000000_3728615.jpg
val2014,other,995815,0,"Brands, Companies and Products",What brand is this device?,samsung,samsung; samsung; samsung; samsung; samsung; samsung; samsung; samsung; samsung; samsung,snne/okvqa/images/OKVQA_val2014_000000000000_995815.jpg
val2014,other,4923495,0,Plants and Animals,What continent s is are this bird found on?,north america,north america; north america; north america; north america; north america; north america; north america; north america; south america; south america,snne/okvqa/images/OKVQA_val2014_000000000000_4923495.jpg
val2014,other,3814165,0,Sports and Recreation,What type of skiing is this man doing?,cross country,cross country; cross country; cross country; cross country; cross country; cross country; cross country; cross country; crosscountry; crosscountry,snne/okvqa/images/OKVQA_val2014_000000000000_3814165.jpg
val2014,other,3979035,0,Other,What is the woman doing?,taking picture,taking picture; taking picture; taking picture; taking picture; taking picture; taking picture; photographing; photographing; taking photo; taking photo,snne/okvqa/images/OKVQA_val2014_000000000000_3979035.jpg
val2014,other,2291915,0,Cooking and Food,What part of the body is the food in the bowl good for?,stomach,stomach; stomach; stomach; stomach; stomach; stomach; heart; heart; instestines; instestines,snne/okvqa/images/OKVQA_val2014_000000000000_2291915.jpg
val2014,other,4009815,0,Sports and Recreation,What sport are the women playing?,tennis,tennis; tennis; tennis; tennis; tennis; tennis; tennis; tennis; tennis; tennis,snne/okvqa/images/OKVQA_val2014_000000000000_4009815.jpg
val2014,other,1574695,0,"Brands, Companies and Products",What company manufactured the video game system being played here?,nintendo,nintendo; nintendo; nintendo; nintendo; nintendo; nintendo; wii; wii; wii; wii,snne/okvqa/images/OKVQA_val2014_000000000000_1574695.jpg
val2014,other,3862045,0,People and Everyday life,What type of board is the woman's feet resting on in the photo?,skateboard,skateboard; skateboard; skateboard; skateboard; skateboard; skateboard; skateboard; skateboard; skate board; skate board,snne/okvqa/images/OKVQA_val2014_000000000000_3862045.jpg
val2014,other,218645,0,Weather and Climate,What type of clouds are in the sky?,cirrus,cirrus; cirrus; cirrus; cirrus; stratus; stratus; puffy; puffy; cumulus; cumulus,snne/okvqa/images/OKVQA_val2014_000000000000_218645.jpg
val2014,other,2241115,0,Weather and Climate,What types of clouds are forming in the sky?,cumulus,cumulus; cumulus; cumulus; cumulus; rain; rain; storm; storm; stratus; stratus,snne/okvqa/images/OKVQA_val2014_000000000000_2241115.jpg
val2014,other,5493005,0,Vehicles and Transportation,The rounded wheels belong to what type of vehicle?,wagon,wagon; wagon; wagon; wagon; car; car; carriage; carriage; carriages; carriages,snne/okvqa/images/OKVQA_val2014_000000000000_5493005.jpg
val2014,other,973625,0,Plants and Animals,What do these animals eat?,grass,grass; grass; grass; grass; grass; grass; grain; grain; hay; hay,snne/okvqa/images/OKVQA_val2014_000000000000_973625.jpg
val2014,other,1636795,0,"Geography, History, Language and Culture",Why would one suspect this is not a buddhist temple w?,cross,cross; cross; cross; cross; cross; cross; cross on front; cross on front; christian cross; christian cross,snne/okvqa/images/OKVQA_val2014_000000000000_1636795.jpg
val2014,other,5465845,0,Plants and Animals,What type of fencing is being used?,chain link,chain link; chain link; chain link; chain link; metal; metal; invisible fence; invisible fence; wire; wire,snne/okvqa/images/OKVQA_val2014_000000000000_5465845.jpg
val2014,other,2479995,0,Sports and Recreation,What kind of board is this?,surf,surf; surf; surf; surf; surfboard; surfboard; surfboard; surfboard; water skiing; water skiing,snne/okvqa/images/OKVQA_val2014_000000000000_2479995.jpg
val2014,other,437205,0,Science and Technology,What piece of technology is the child playing with?,cell phone,cell phone; cell phone; cell phone; cell phone; cell; cell; ipod; ipod; cellphone; cellphone,snne/okvqa/images/OKVQA_val2014_000000000000_437205.jpg
val2014,other,1603305,0,"Brands, Companies and Products",Name the laptop model shown in this picture?,macbook,macbook; macbook; macbook; macbook; dell; dell; samsung; samsung; macbook air; macbook air,snne/okvqa/images/OKVQA_val2014_000000000000_1603305.jpg
val2014,other,1824415,0,Weather and Climate,What activity is this man engaging in?,bird watching,bird watching; bird watching; bird watching; bird watching; staring; staring; walking; walking; contemplation; contemplation,snne/okvqa/images/OKVQA_val2014_000000000000_1824415.jpg
val2014,other,485555,0,Plants and Animals,What type of horses are being ridin?,race horse,race horse; race horse; race horse; race horse; quarter; quarter; mustangs; mustangs; mustang; mustang,snne/okvqa/images/OKVQA_val2014_000000000000_485555.jpg
val2014,other,5583885,0,Cooking and Food,What are the candies on this cake?,birthday,birthday; birthday; birthday; birthday; m and m's; m and m's; birthday candles; birthday candles; m and m; m and m,snne/okvqa/images/OKVQA_val2014_000000000000_5583885.jpg
val2014,other,5588545,0,Cooking and Food,Name the ingredients used to make this dish shown in this picture?,beans,beans; beans; beans; beans; potatoes bread cheese beans; potatoes bread cheese beans; potatoes; potatoes; beans bread potatoes salt; beans bread potatoes salt,snne/okvqa/images/OKVQA_val2014_000000000000_5588545.jpg
val2014,other,5610885,0,People and Everyday life,What type of picture is this person taking?,selfie,selfie; selfie; selfie; selfie; selfie; selfie; selfie; selfie; selfie; selfie,snne/okvqa/images/OKVQA_val2014_000000000000_5610885.jpg
val2014,other,5028525,0,Science and Technology,Who should really use this?,adult,adult; adult; adult; adult; adults; adults; adults; adults; kid; kid,snne/okvqa/images/OKVQA_val2014_000000000000_5028525.jpg
val2014,other,4282315,0,People and Everyday life,What happens in this room?,lounging,lounging; lounging; lounging; lounging; watch television; watch television; sitting; sitting; relaxing; relaxing,snne/okvqa/images/OKVQA_val2014_000000000000_4282315.jpg
val2014,other,33825,0,People and Everyday life,What military branch to the men in the picture belong to?,navy,navy; navy; navy; navy; navy; navy; navy; navy; navy; navy,snne/okvqa/images/OKVQA_val2014_000000000000_33825.jpg
val2014,other,1040025,0,Plants and Animals,What sound do these animals make?,neigh,neigh; neigh; neigh; neigh; neigh; neigh; moo; moo; moo; moo,snne/okvqa/images/OKVQA_val2014_000000000000_1040025.jpg
val2014,other,1413345,0,Science and Technology,What type of device is the woman holding in her hand?,cell phone,cell phone; cell phone; cell phone; cell phone; phone; phone; phone; phone; cellphone; cellphone,snne/okvqa/images/OKVQA_val2014_000000000000_1413345.jpg
val2014,other,3380575,0,Cooking and Food,What type of dish is in the picture?,colander,colander; colander; colander; colander; bowl; bowl; bowl; bowl; blue; blue,snne/okvqa/images/OKVQA_val2014_000000000000_3380575.jpg
val2014,other,468895,0,People and Everyday life,This small person's first set of teeth are called the what teeth?,baby,baby; baby; baby; baby; baby; baby; baby; baby; baby; baby,snne/okvqa/images/OKVQA_val2014_000000000000_468895.jpg
val2014,other,1879905,0,Sports and Recreation,What is this boy on?,skateboard,skateboard; skateboard; skateboard; skateboard; half pipe; half pipe; half pipe; half pipe; ramp; ramp,snne/okvqa/images/OKVQA_val2014_000000000000_1879905.jpg
val2014,other,5576335,0,Weather and Climate,What is the name of the device that is protecting people from the rain in this picture?,umbrella,umbrella; umbrella; umbrella; umbrella; umbrella; umbrella; umbrella; umbrella; umbrella; umbrella,snne/okvqa/images/OKVQA_val2014_000000000000_5576335.jpg
val2014,other,672075,0,Science and Technology,What activity are they doing?,video games,video games; video games; video games; video games; wii; wii; wii; wii; gaming; gaming,snne/okvqa/images/OKVQA_val2014_000000000000_672075.jpg
val2014,other,3917285,0,Other,What country is this?,united states,united states; united states; united states; united states; japan; japan; spain; spain; america; america,snne/okvqa/images/OKVQA_val2014_000000000000_3917285.jpg
val2014,other,2506805,0,Plants and Animals,What species of bird is this?,crane,crane; crane; crane; crane; heron; heron; heron; heron; pelican; pelican,snne/okvqa/images/OKVQA_val2014_000000000000_2506805.jpg
val2014,other,1233605,0,People and Everyday life,Ansal adams used what instrument?,camera,camera; camera; camera; camera; camera; camera; guitar; guitar; guitar; guitar,snne/okvqa/images/OKVQA_val2014_000000000000_1233605.jpg
val2014,other,3282845,0,Weather and Climate,If it gets cold enough what will happen to the area being stepped over?,freeze,freeze; freeze; freeze; freeze; frozen; frozen; it will freeze over; it will freeze over; iced; iced,snne/okvqa/images/OKVQA_val2014_000000000000_3282845.jpg
val2014,other,5302205,0,Vehicles and Transportation,What are some safety precautions to take when riding this vehicle?,wear helmet,wear helmet; wear helmet; wear helmet; wear helmet; wear helmet; wear helmet; helmet; helmet; seat foot pegs wheel guards; seat foot pegs wheel guards,snne/okvqa/images/OKVQA_val2014_000000000000_5302205.jpg
val2014,other,3970635,0,"Objects, Material and Clothing",What is the shape?,circle,circle; circle; circle; circle; circle; circle; round; round; round; round,snne/okvqa/images/OKVQA_val2014_000000000000_3970635.jpg
val2014,other,2337715,0,"Geography, History, Language and Culture",The colored object in this photo depicts a symbol of which country?,britain,britain; britain; britain; britain; britian; britian; great britian; great britian; uk; uk,snne/okvqa/images/OKVQA_val2014_000000000000_2337715.jpg
val2014,other,3793105,0,"Brands, Companies and Products",What are the screens called?,monitors,monitors; monitors; monitors; monitors; monitors; monitors; monitors; monitors; monitor; monitor,snne/okvqa/images/OKVQA_val2014_000000000000_3793105.jpg
val2014,other,2918165,0,"Brands, Companies and Products",What movie is referenced by the figure to the right of the laptop?,ghostbusters,ghostbusters; ghostbusters; ghostbusters; ghostbusters; ghostbusters; ghostbusters; ghostbusters; ghostbusters; ghost busters; ghost busters,snne/okvqa/images/OKVQA_val2014_000000000000_2918165.jpg
val2014,other,1442525,0,Sports and Recreation,The man in the photo is using what to hit the ball?,bat,bat; bat; bat; bat; bat; bat; baseball bat; baseball bat; baseball bat; baseball bat,snne/okvqa/images/OKVQA_val2014_000000000000_1442525.jpg
val2014,other,4124555,0,"Geography, History, Language and Culture",What century is this?,20th,20th; 20th; 20th; 20th; 20th; 20th; 1950s; 1950s; 1900; 1900,snne/okvqa/images/OKVQA_val2014_000000000000_4124555.jpg
val2014,other,2924935,0,Sports and Recreation,What is a common injury found in people engaging in this sport?,broken leg,broken leg; broken leg; broken leg; broken leg; bones; bones; knee; knee; muscle tear and broke bones; muscle tear and broke bones,snne/okvqa/images/OKVQA_val2014_000000000000_2924935.jpg
val2014,other,2895735,0,"Objects, Material and Clothing",What is this wedding dress made from?,silk,silk; silk; silk; silk; silk; silk; satin; satin; polyester; polyester,snne/okvqa/images/OKVQA_val2014_000000000000_2895735.jpg
val2014,other,3391775,0,Other,What types of seats are these?,stools,stools; stools; stools; stools; stools; stools; wood; wood; wood; wood,snne/okvqa/images/OKVQA_val2014_000000000000_3391775.jpg
val2014,other,4767705,0,Sports and Recreation,What team does this man play for?,cubs,cubs; cubs; cubs; cubs; red sox; red sox; away team; away team; angels; angels,snne/okvqa/images/OKVQA_val2014_000000000000_4767705.jpg
val2014,other,5439925,0,Other,What could these electronics be used for?,communications,communications; communications; laptop; laptop; computers; computers; recording ghosts; recording ghosts; computer; computer,snne/okvqa/images/OKVQA_val2014_000000000000_5439925.jpg
val2014,other,4577085,0,"Geography, History, Language and Culture",What language are these signs in?,japanese,japanese; japanese; japanese; japanese; japanese; japanese; chinese; chinese; chinese; chinese,snne/okvqa/images/OKVQA_val2014_000000000000_4577085.jpg
val2014,other,5393905,0,"Objects, Material and Clothing",What is this object mad out of?,metal,metal; metal; metal; metal; metal; metal; metal and plastic; metal and plastic; steel; steel,snne/okvqa/images/OKVQA_val2014_000000000000_5393905.jpg
val2014,other,1553195,0,Sports and Recreation,What program can i used to make my photos look like this one?,photoshop,photoshop; photoshop; photoshop; photoshop; photoshop; photoshop; photoshop; photoshop; photo editing; photo editing,snne/okvqa/images/OKVQA_val2014_000000000000_1553195.jpg
val2014,other,2361625,0,Plants and Animals,Batman's main female villain surround herself with these?,cats,cats; cats; cats; cats; cats; cats; cats; cats; catwoman; catwoman,snne/okvqa/images/OKVQA_val2014_000000000000_2361625.jpg
val2014,other,4751845,0,Sports and Recreation,What are the boards made of?,fiberglass,fiberglass; fiberglass; fiberglass; fiberglass; plastic; plastic; plastic composite; plastic composite; fiber glass; fiber glass,snne/okvqa/images/OKVQA_val2014_000000000000_4751845.jpg
val2014,other,1656755,0,Cooking and Food,At which holiday would you traditionally eat this food?,easter,easter; easter; easter; easter; easter; easter; christmas; christmas; christmas; christmas,snne/okvqa/images/OKVQA_val2014_000000000000_1656755.jpg
val2014,other,2767315,0,"Geography, History, Language and Culture",What german city is this in?,berlin,berlin; berlin; berlin; berlin; dusseldorf; dusseldorf; zurich; zurich; drosselstrabe; drosselstrabe,snne/okvqa/images/OKVQA_val2014_000000000000_2767315.jpg
val2014,other,1759945,0,Vehicles and Transportation,During the great depression homeless people that hitched rides on this were said to be riding what?,free,free; free; coach; coach; hobo; hobo; rails; rails; rail; rail,snne/okvqa/images/OKVQA_val2014_000000000000_1759945.jpg
val2014,other,4496385,0,"Geography, History, Language and Culture",What is this area of a town?,downtown,downtown; downtown; downtown; downtown; downtown; downtown; park; park; park; park,snne/okvqa/images/OKVQA_val2014_000000000000_4496385.jpg
val2014,other,1985905,0,"Brands, Companies and Products",Which brand of car is shown in this picture?,chevy,chevy; chevy; chevy; chevy; chevy; chevy; chevrolet; chevrolet; chevrolet silverado; chevrolet silverado,snne/okvqa/images/OKVQA_val2014_000000000000_1985905.jpg
val2014,other,1477455,0,Vehicles and Transportation,What attaches behind these objects?,trailers,trailers; trailers; trailers; trailers; trailers; trailers; cage; cage; trailer; trailer,snne/okvqa/images/OKVQA_val2014_000000000000_1477455.jpg
val2014,other,1704255,0,"Objects, Material and Clothing",What is the reason for piling these appliances up in the parking lot?,trash,trash; trash; trash; trash; remodel; remodel; disposal; disposal; for sanitation to pick them up; for sanitation to pick them up,snne/okvqa/images/OKVQA_val2014_000000000000_1704255.jpg
val2014,other,5543025,0,Cooking and Food,What recipe can these be used in?,bread,bread; bread; bread; bread; boiled fruit; boiled fruit; banana pudding; banana pudding; pudding; pudding,snne/okvqa/images/OKVQA_val2014_000000000000_5543025.jpg
val2014,other,1997715,0,Other,What certification will these people receive?,chef,chef; chef; chef; chef; culinary; culinary; culinary arts; culinary arts; cooking; cooking,snne/okvqa/images/OKVQA_val2014_000000000000_1997715.jpg
val2014,other,4358075,0,Science and Technology,When was this gaming system first released?,1977,1977; 1977; 1977; 1977; 1980; 1980; 1980; 1980; 2000; 2000,snne/okvqa/images/OKVQA_val2014_000000000000_4358075.jpg
val2014,other,62205,0,Cooking and Food,What country are these dishes from?,japan,japan; japan; japan; japan; japan; japan; japan; japan; china; china,snne/okvqa/images/OKVQA_val2014_000000000000_62205.jpg
val2014,other,1298555,0,Sports and Recreation,What is the profession of the person?,surfer,surfer; surfer; surfer; surfer; surfer; surfer; surfer; surfer; surfer; surfer,snne/okvqa/images/OKVQA_val2014_000000000000_1298555.jpg
val2014,other,1490145,0,Weather and Climate,Is it showing or raining?,snowing,snowing; snowing; snowing; snowing; snowing; snowing; snowing; snowing; snow; snow,snne/okvqa/images/OKVQA_val2014_000000000000_1490145.jpg
val2014,other,3641335,0,"Objects, Material and Clothing",What do i put clothes in when traveling?,suitcase,suitcase; suitcase; suitcase; suitcase; suitcase; suitcase; suitcase; suitcase; cases; cases,snne/okvqa/images/OKVQA_val2014_000000000000_3641335.jpg
val2014,other,2829805,0,Weather and Climate,How high is the tide?,low,low; low; low; low; 10; 10; hihg tide; hihg tide; 1 2 feet; 1 2 feet,snne/okvqa/images/OKVQA_val2014_000000000000_2829805.jpg
val2014,other,2365426,0,Cooking and Food,What are these cakes called?,pancakes,pancakes; pancakes; pancakes; pancakes; pancakes; pancakes; pancakes; pancakes; layer; layer,snne/okvqa/images/OKVQA_val2014_000000000000_2365426.jpg
val2014,other,2650015,0,Weather and Climate,What season is this?,spring,spring; spring; spring; spring; spring; spring; summer; summer; fall; fall,snne/okvqa/images/OKVQA_val2014_000000000000_2650015.jpg
val2014,other,2393765,0,People and Everyday life,What chore could you complete in this room in a ddition to bathing?,laundry,laundry; laundry; laundry; laundry; laundry; laundry; pooping; pooping; brushing; brushing,snne/okvqa/images/OKVQA_val2014_000000000000_2393765.jpg
val2014,other,986745,0,Plants and Animals,What type of bird is this?,woodpecker,woodpecker; woodpecker; woodpecker; woodpecker; woodpecker; woodpecker; wood pecker; wood pecker; mockingbird; mockingbird,snne/okvqa/images/OKVQA_val2014_000000000000_986745.jpg
val2014,other,1155715,0,Plants and Animals,What are the trees in the backhround called?,palm,palm; palm; palm; palm; palm; palm; palm; palm; palm; palm,snne/okvqa/images/OKVQA_val2014_000000000000_1155715.jpg
val2014,other,5633815,0,Plants and Animals,What is the best climate for raising these animals?,warm,warm; warm; warm; warm; temperate; temperate; temperate; temperate; where lot's of grass grows; where lot's of grass grows,snne/okvqa/images/OKVQA_val2014_000000000000_5633815.jpg
val2014,other,1274945,0,Cooking and Food,What kind of veggies is this?,asparagus,asparagus; asparagus; asparagus; asparagus; asparagus; asparagus; spinach; spinach; kale; kale,snne/okvqa/images/OKVQA_val2014_000000000000_1274945.jpg
val2014,other,264135,0,Sports and Recreation,What's the next thing this player is likely to do?,swing,swing; swing; swing; swing; swing; swing; batting; batting; run; run,snne/okvqa/images/OKVQA_val2014_000000000000_264135.jpg
val2014,other,720515,0,"Brands, Companies and Products",Name the desktop model or brand shown in this picture?,dell,dell; dell; dell; dell; toshiba; toshiba; hewlett packard; hewlett packard; microsoft; microsoft,snne/okvqa/images/OKVQA_val2014_000000000000_720515.jpg
val2014,other,28815,0,"Geography, History, Language and Culture",What terrorist group is linked to 9 11 attacks using this vehicle?,al qaeda,al qaeda; al qaeda; al qaeda; al qaeda; tailban; tailban; al quaeda; al quaeda; isis; isis,snne/okvqa/images/OKVQA_val2014_000000000000_28815.jpg
val2014,other,3741565,0,"Objects, Material and Clothing",What toy is this?,teddy bear,teddy bear; teddy bear; teddy bear; teddy bear; teddy bear; teddy bear; teddy bear; teddy bear; stuffed animal; stuffed animal,snne/okvqa/images/OKVQA_val2014_000000000000_3741565.jpg
val2014,other,4466375,0,Weather and Climate,What type of breed are the birds in the photo?,seaguls,seaguls; seaguls; seagull; seagull; budgies; budgies; ducks; ducks; duck; duck,snne/okvqa/images/OKVQA_val2014_000000000000_4466375.jpg
val2014,other,2037545,0,"Objects, Material and Clothing",What is the chair made of?,fabric,fabric; fabric; fabric; fabric; fabric; fabric; wood; wood; wood; wood,snne/okvqa/images/OKVQA_val2014_000000000000_2037545.jpg
val2014,other,4494125,0,People and Everyday life,What else can go with an umbrella?,boots,boots; boots; boots; boots; galoshes; galoshes; raincoat; raincoat; hat; hat,snne/okvqa/images/OKVQA_val2014_000000000000_4494125.jpg
val2014,other,206295,0,Vehicles and Transportation,What is the name given to this category of automobile?,truck,truck; truck; truck; truck; truck; truck; truck; truck; car; car,snne/okvqa/images/OKVQA_val2014_000000000000_206295.jpg
val2014,other,5056385,0,Vehicles and Transportation,What part of the train is fully pictured here?,engine,engine; engine; engine; engine; engine; engine; engine; engine; conductor; conductor,snne/okvqa/images/OKVQA_val2014_000000000000_5056385.jpg
val2014,other,4854065,0,People and Everyday life,What type of american currency would you stick in the machine?,quarters,quarters; quarters; quarters; quarters; quarters coins; quarters coins; quarter; quarter; quater; quater,snne/okvqa/images/OKVQA_val2014_000000000000_4854065.jpg
val2014,other,5707095,0,"Brands, Companies and Products",Can you guess the model of tv shown in this picture?,lg,lg; lg; lg; lg; samsung; samsung; sony; sony; jvc; jvc,snne/okvqa/images/OKVQA_val2014_000000000000_5707095.jpg
val2014,other,2986225,0,Science and Technology,How do i adjust the volume?,knob,knob; knob; knob; knob; turn knob; turn knob; turn knob; turn knob; turn middle knob; turn middle knob,snne/okvqa/images/OKVQA_val2014_000000000000_2986225.jpg
val2014,other,3831635,0,Vehicles and Transportation,What is this used for?,hauling,hauling; hauling; hauling; hauling; transportation; transportation; transporting; transporting; trucking; trucking,snne/okvqa/images/OKVQA_val2014_000000000000_3831635.jpg
val2014,other,5103295,0,Other,The man is opening what?,umbrella,umbrella; umbrella; umbrella; umbrella; umbrella; umbrella; umbrella; umbrella; bottle; bottle,snne/okvqa/images/OKVQA_val2014_000000000000_5103295.jpg
val2014,other,5516505,0,Weather and Climate,What type of weather do these clouds signify?,rain,rain; rain; rain; rain; rain; rain; rain; rain; rainstorm; rainstorm,snne/okvqa/images/OKVQA_val2014_000000000000_5516505.jpg
val2014,other,1391815,0,"Objects, Material and Clothing",What kind of pottery?,clay,clay; clay; clay; clay; vase; vase; asian; asian; ancient; ancient,snne/okvqa/images/OKVQA_val2014_000000000000_1391815.jpg
val2014,other,3621275,0,People and Everyday life,Would you be wet or dry after using this room?,wet,wet; wet; wet; wet; wet; wet; wet; wet; wet; wet,snne/okvqa/images/OKVQA_val2014_000000000000_3621275.jpg
val2014,other,2190755,0,"Brands, Companies and Products",Which noun in the picture is the tallest?,door,door; door; door; door; man; man; human; human; house; house,snne/okvqa/images/OKVQA_val2014_000000000000_2190755.jpg
val2014,other,1883115,0,Other,What type of school project is this?,computer,computer; computer; computer; computer; tech; tech; media; media; audio; audio,snne/okvqa/images/OKVQA_val2014_000000000000_1883115.jpg
val2014,other,5341945,0,Weather and Climate,What weather phenomenon most likely happened?,flood,flood; flood; flood; flood; hurricane; hurricane; hurricane; hurricane; rain; rain,snne/okvqa/images/OKVQA_val2014_000000000000_5341945.jpg
val2014,other,1200615,0,"Brands, Companies and Products",Which companies make these type of ovens?,ge,ge; ge; ge; ge; whirlpool samsun; whirlpool samsun; kitchenaid; kitchenaid; amana; amana,snne/okvqa/images/OKVQA_val2014_000000000000_1200615.jpg
val2014,other,1043205,0,Science and Technology,What form of communication can be sent using the keyboard on this device?,text,text; text; text; text; text; text; text; text; text; text,snne/okvqa/images/OKVQA_val2014_000000000000_1043205.jpg
val2014,other,1663445,0,"Brands, Companies and Products",What famous president wore a similar hat?,abraham lincoln,abraham lincoln; abraham lincoln; abraham lincoln; abraham lincoln; abraham lincoln; abraham lincoln; lincoln; lincoln; lincoln; lincoln,snne/okvqa/images/OKVQA_val2014_000000000000_1663445.jpg
val2014,other,3803485,0,Other,Who first invented the type of lighting fixture shown?,thomas edison,thomas edison; thomas edison; thomas edison; thomas edison; daniel swarovski; daniel swarovski; chandelier; chandelier; edison; edison,snne/okvqa/images/OKVQA_val2014_000000000000_3803485.jpg
val2014,other,3476935,0,Weather and Climate,What time of day is it?,morning,morning; morning; morning; morning; morning; morning; afternoon; afternoon; daytime; daytime,snne/okvqa/images/OKVQA_val2014_000000000000_3476935.jpg
val2014,other,3732845,0,Other,Where in the middle east is this?,israel,israel; israel; israel; israel; saudi arabia; saudi arabia; downtown; downtown; bahgdad; bahgdad,snne/okvqa/images/OKVQA_val2014_000000000000_3732845.jpg
val2014,other,5020635,0,Other,What is in that vase on the table?,flower,flower; flower; flower; flower; flower; flower; flowers; flowers; flowers; flowers,snne/okvqa/images/OKVQA_val2014_000000000000_5020635.jpg
val2014,other,2352215,0,Weather and Climate,What unpleasant emotional state does this weather phenomenon often cause?,depression,depression; depression; depression; depression; shock; shock; fright; fright; fear; fear,snne/okvqa/images/OKVQA_val2014_000000000000_2352215.jpg
val2014,other,4097255,0,"Geography, History, Language and Culture",What competition is this?,kite,kite; kite; kite; kite; kite flying; kite flying; kiting; kiting; kiteflying; kiteflying,snne/okvqa/images/OKVQA_val2014_000000000000_4097255.jpg
val2014,other,5723996,0,People and Everyday life,Who leaves a toilet like this?,man,man; man; man; man; man; man; men; men; men; men,snne/okvqa/images/OKVQA_val2014_000000000000_5723996.jpg
val2014,other,1561045,0,"Geography, History, Language and Culture",What denomination is the church?,baptist,baptist; baptist; baptist; baptist; baptist; baptist; baptist; baptist; baptist; baptist,snne/okvqa/images/OKVQA_val2014_000000000000_1561045.jpg
val2014,other,1709605,0,"Objects, Material and Clothing",What is this statue made of?,copper,copper; copper; copper; copper; brass; brass; iron; iron; aluminum; aluminum,snne/okvqa/images/OKVQA_val2014_000000000000_1709605.jpg
val2014,other,275855,0,Science and Technology,What is the purpose of the mechanical device in this picture?,tell time,tell time; tell time; tell time; tell time; tell time; tell time; keep time; keep time; clock; clock,snne/okvqa/images/OKVQA_val2014_000000000000_275855.jpg
val2014,other,1173375,0,"Objects, Material and Clothing",What is the common color theme?,orange,orange; orange; orange; orange; complimentary cotrast; complimentary cotrast; orange and blue; orange and blue; orange and turquoise; orange and turquoise,snne/okvqa/images/OKVQA_val2014_000000000000_1173375.jpg
val2014,other,2793435,0,Vehicles and Transportation,What is the primary purpose of the vehicles in this image?,flying,flying; flying; flying; flying; defense; defense; sightseeing; sightseeing; fly; fly,snne/okvqa/images/OKVQA_val2014_000000000000_2793435.jpg
val2014,other,4445655,0,"Brands, Companies and Products",What brand of tv is this?,toshiba,toshiba; toshiba; toshiba; toshiba; sony; sony; sony; sony; panasonic; panasonic,snne/okvqa/images/OKVQA_val2014_000000000000_4445655.jpg
val2014,other,5723315,0,People and Everyday life,What is this wallcovering called?,wallpaper,wallpaper; wallpaper; wallpaper; wallpaper; wallpaper; wallpaper; walpaper; walpaper; tapestry; tapestry,snne/okvqa/images/OKVQA_val2014_000000000000_5723315.jpg
val2014,other,2142475,0,Vehicles and Transportation,What is the complimentary color to the right man's shirt?,red,red; red; red; red; green; green; green; green; purple; purple,snne/okvqa/images/OKVQA_val2014_000000000000_2142475.jpg
val2014,other,3481865,0,Weather and Climate,What body of water is that?,ocean,ocean; ocean; ocean; ocean; ocean; ocean; atlantic; atlantic; pacific ocean; pacific ocean,snne/okvqa/images/OKVQA_val2014_000000000000_3481865.jpg
val2014,other,5662495,0,Vehicles and Transportation,What is this street made of?,cobblestone,cobblestone; cobblestone; brick; brick; stone; stone; cobblestones; cobblestones; bricks; bricks,snne/okvqa/images/OKVQA_val2014_000000000000_5662495.jpg
val2014,other,4684875,0,Plants and Animals,What breed of dog is this?,chihuahua,chihuahua; chihuahua; chihuahua; chihuahua; mutt; mutt; hound; hound; pharoah; pharoah,snne/okvqa/images/OKVQA_val2014_000000000000_4684875.jpg
val2014,other,4100045,0,Cooking and Food,Where are fruits like this best found?,south america,south america; south america; south america; south america; tropics; tropics; jungle; jungle; south; south,snne/okvqa/images/OKVQA_val2014_000000000000_4100045.jpg
val2014,other,2984405,0,Vehicles and Transportation,What model plane is this?,747,747; 747; 747; 747; boing; boing; boeing 474; boeing 474; boeing 737 86n; boeing 737 86n,snne/okvqa/images/OKVQA_val2014_000000000000_2984405.jpg
val2014,other,5131255,0,Plants and Animals,What animal known as 'mans best friend' is in the suitcase?,dog,dog; dog; dog; dog; dog; dog; dog; dog; dog; dog,snne/okvqa/images/OKVQA_val2014_000000000000_5131255.jpg
val2014,other,692665,0,Science and Technology,What type of computer is shown?,laptop,laptop; laptop; laptop; laptop; acer; acer; toshiba; toshiba; dell; dell,snne/okvqa/images/OKVQA_val2014_000000000000_692665.jpg
val2014,other,1603935,0,Weather and Climate,What item might be used to warm this item of furniture?,electric blanket,electric blanket; electric blanket; electric blanket; electric blanket; blanker; blanker; clothes dryer; clothes dryer; blanket; blanket,snne/okvqa/images/OKVQA_val2014_000000000000_1603935.jpg
val2014,other,3770975,0,Cooking and Food,In what american city was this company founded?,chicago,chicago; chicago; chicago; chicago; seattle; seattle; cleveland; cleveland; new york; new york,snne/okvqa/images/OKVQA_val2014_000000000000_3770975.jpg
val2014,other,3127465,0,"Objects, Material and Clothing",What type of camera filter is this called?,sepia,sepia; sepia; sepia; sepia; light; light; instagram; instagram; sephia; sephia,snne/okvqa/images/OKVQA_val2014_000000000000_3127465.jpg
val2014,other,749675,0,Science and Technology,How old is this baby?,newborn,newborn; newborn; newborn; newborn; newborn; newborn; 1 day; 1 day; seconds; seconds,snne/okvqa/images/OKVQA_val2014_000000000000_749675.jpg
val2014,other,3679055,0,Sports and Recreation,What is the name of the sport in the picture?,surfing,surfing; surfing; surfing; surfing; surfing; surfing; surfing; surfing; water skiing; water skiing,snne/okvqa/images/OKVQA_val2014_000000000000_3679055.jpg
val2014,other,2537325,0,Cooking and Food,What veggies are on this sandwich?,lettuce,lettuce; lettuce; lettuce; lettuce; lettuce; lettuce; spinach; spinach; spinach; spinach,snne/okvqa/images/OKVQA_val2014_000000000000_2537325.jpg
val2014,other,504825,0,Sports and Recreation,How high are they?,very high,very high; very high; very high; very high; 6 feet; 6 feet; 2000 feet; 2000 feet; very; very,snne/okvqa/images/OKVQA_val2014_000000000000_504825.jpg
val2014,other,1608115,0,"Brands, Companies and Products",What functions do the items on the desk serve?,printing,printing; printing; printing; printing; work; work; work; work; printing and scanning; printing and scanning,snne/okvqa/images/OKVQA_val2014_000000000000_1608115.jpg
val2014,other,2664515,0,Weather and Climate,What time of year is it?,summer,summer; summer; summer; summer; winter; winter; winter; winter; autumn; autumn,snne/okvqa/images/OKVQA_val2014_000000000000_2664515.jpg
val2014,other,3412305,0,Other,What type of plant do these fruits grow from?,tree,tree; tree; tree; tree; tree; tree; orange tree; orange tree; trees; trees,snne/okvqa/images/OKVQA_val2014_000000000000_3412305.jpg
val2014,other,3413095,0,People and Everyday life,What brand of suit is the man in the image wearing?,brooks brothers,brooks brothers; brooks brothers; brooks brothers; brooks brothers; gorgio armani; gorgio armani; name brand; name brand; gucchi; gucchi,snne/okvqa/images/OKVQA_val2014_000000000000_3413095.jpg
val2014,other,3580245,0,"Objects, Material and Clothing",How many pounds is this suitcase rated for?,50,50; 50; 50; 50; 60; 60; 30; 30; 200; 200,snne/okvqa/images/OKVQA_val2014_000000000000_3580245.jpg
val2014,other,1409635,0,Cooking and Food,What are these people waiting for?,food,food; food; food; food; food; food; food; food; food; food,snne/okvqa/images/OKVQA_val2014_000000000000_1409635.jpg
val2014,other,1229825,0,Other,What does a messy desk like this say about a person?,disorganized,disorganized; disorganized; disorganized; disorganized; unorganized; unorganized; they are busy; they are busy; busy; busy,snne/okvqa/images/OKVQA_val2014_000000000000_1229825.jpg
val2014,other,2655965,0,Cooking and Food,How long does it take to cook?,45 minutes,45 minutes; 45 minutes; 45 minutes; 45 minutes; 20 minutes; 20 minutes; 25 minutes; 25 minutes; minutes; minutes,snne/okvqa/images/OKVQA_val2014_000000000000_2655965.jpg
val2014,other,2650635,0,"Geography, History, Language and Culture",What are these streets paved with?,asphalt,asphalt; asphalt; asphalt; asphalt; bricks; bricks; cobblestone; cobblestone; black top; black top,snne/okvqa/images/OKVQA_val2014_000000000000_2650635.jpg
val2014,other,4494285,0,Plants and Animals,What kind of cow is this?,angus,angus; angus; angus; angus; holstein; holstein; beef cow; beef cow; beef; beef,snne/okvqa/images/OKVQA_val2014_000000000000_4494285.jpg
val2014,other,1058855,0,Science and Technology,What is spewing out water?,fire hydrant,fire hydrant; fire hydrant; fire hydrant; fire hydrant; fire hydrant; fire hydrant; wave; wave; hydrant; hydrant,snne/okvqa/images/OKVQA_val2014_000000000000_1058855.jpg
val2014,other,1162525,0,"Brands, Companies and Products",Why is the device on the right there?,mouse,mouse; mouse; mouse; mouse; to click; to click; to click; to click; to point; to point,snne/okvqa/images/OKVQA_val2014_000000000000_1162525.jpg
val2014,other,4396515,0,Science and Technology,When would you want this drink?,morning,morning; morning; morning; morning; morning; morning; breakfast; breakfast; breakfast; breakfast,snne/okvqa/images/OKVQA_val2014_000000000000_4396515.jpg
val2014,other,4113035,0,Other,What are they all doing together?,learning,learning; learning; learning; learning; learning; learning; studying; studying; studying; studying,snne/okvqa/images/OKVQA_val2014_000000000000_4113035.jpg
val2014,other,3773935,0,"Geography, History, Language and Culture",What is the purpode of the tower to the left?,clock,clock; clock; clock; clock; tell time; tell time; residential; residential; lighthouse; lighthouse,snne/okvqa/images/OKVQA_val2014_000000000000_3773935.jpg
val2014,other,5399385,0,Vehicles and Transportation,Where is this location?,countryside,countryside; countryside; countryside; countryside; railyard; railyard; train yard; train yard; in countryside; in countryside,snne/okvqa/images/OKVQA_val2014_000000000000_5399385.jpg
val2014,other,5274975,0,Science and Technology,Is this a desktop or laptop computer?,desktop,desktop; desktop; desktop; desktop; desktop; desktop; desktop; desktop; desktop; desktop,snne/okvqa/images/OKVQA_val2014_000000000000_5274975.jpg
val2014,other,1973525,0,Weather and Climate,What is the temperature like?,warm,warm; warm; warm; warm; warm; warm; hot; hot; mild; mild,snne/okvqa/images/OKVQA_val2014_000000000000_1973525.jpg
val2014,other,1572615,0,Vehicles and Transportation,What is this train hauling?,cargo,cargo; cargo; cargo; cargo; cargo; cargo; coal; coal; people; people,snne/okvqa/images/OKVQA_val2014_000000000000_1572615.jpg
val2014,other,3271555,0,Weather and Climate,What does the sign in the photo mean?,no swimming,no swimming; no swimming; no swimming; no swimming; no parking; no parking; stop; stop; no standing; no standing,snne/okvqa/images/OKVQA_val2014_000000000000_3271555.jpg
val2014,other,5752545,0,"Brands, Companies and Products",Which brand of cycle is shown in this photo?,schwinn,schwinn; schwinn; schwinn; schwinn; huffy; huffy; williams; williams; bicycle; bicycle,snne/okvqa/images/OKVQA_val2014_000000000000_5752545.jpg
val2014,other,4194085,0,People and Everyday life,The hooligan in this photo is breaking a rule that might damage what part of the park?,chain,chain; chain; chain; chain; plants; plants; barriers; barriers; chain fence; chain fence,snne/okvqa/images/OKVQA_val2014_000000000000_4194085.jpg
val2014,other,3874635,0,Sports and Recreation,Is the skateboard on a flat or round surface?,round,round; round; round; round; round; round; round; round; flat; flat,snne/okvqa/images/OKVQA_val2014_000000000000_3874635.jpg
val2014,other,1879015,0,"Geography, History, Language and Culture",Are the tops of these towers minarets or domes?,minarets,minarets; minarets; minarets; minarets; minarets; minarets; domes; domes; domes; domes,snne/okvqa/images/OKVQA_val2014_000000000000_1879015.jpg
val2014,other,1967155,0,Vehicles and Transportation,Why is this vehicle parked in the beach?,life gaurd,life gaurd; life gaurd; life gaurd; life gaurd; working; working; maintenance; maintenance; he is lifeguard; he is lifeguard,snne/okvqa/images/OKVQA_val2014_000000000000_1967155.jpg
val2014,other,2233005,0,Sports and Recreation,What is the purpose of the item the man on the skateboard has strapped to his left arm?,protection,protection; protection; protection; protection; protection; protection; protection; protection; elbow support; elbow support,snne/okvqa/images/OKVQA_val2014_000000000000_2233005.jpg
val2014,other,3397615,0,Plants and Animals,Name the type of plant this is?,vine,vine; vine; vine; vine; climbing; climbing; looks like some kind of ivy; looks like some kind of ivy; ficus; ficus,snne/okvqa/images/OKVQA_val2014_000000000000_3397615.jpg
val2014,other,3675285,0,"Brands, Companies and Products",What is the mug made of in the photo?,ceramic,ceramic; ceramic; ceramic; ceramic; aluminum; aluminum; metal; metal; glass; glass,snne/okvqa/images/OKVQA_val2014_000000000000_3675285.jpg
val2014,other,1059125,0,"Geography, History, Language and Culture",What country's flag is flying?,canada,canada; canada; canada; canada; canada; canada; canada; canada; canada; canada,snne/okvqa/images/OKVQA_val2014_000000000000_1059125.jpg
val2014,other,1071835,0,"Geography, History, Language and Culture",What country is this?,india,india; india; india; india; mexico; mexico; egypt; egypt; kenya; kenya,snne/okvqa/images/OKVQA_val2014_000000000000_1071835.jpg
val2014,other,1001875,0,Other,What style of painting is that?,oil,oil; oil; oil; oil; landscape; landscape; landscape; landscape; yellow; yellow,snne/okvqa/images/OKVQA_val2014_000000000000_1001875.jpg
val2014,other,4338455,0,Sports and Recreation,What is he riding on?,surfboard,surfboard; surfboard; surfboard; surfboard; surfboard; surfboard; surfboard; surfboard; wave; wave,snne/okvqa/images/OKVQA_val2014_000000000000_4338455.jpg
val2014,other,2444875,0,"Brands, Companies and Products",To which airline does this plane belong?,ana,ana; ana; ana; ana; ana; ana; ana; ana; delta; delta,snne/okvqa/images/OKVQA_val2014_000000000000_2444875.jpg
val2014,other,2641245,0,Science and Technology,When was this item first invented?,1973,1973; 1973; 1973; 1973; 1990s; 1990s; 1989; 1989; 1990; 1990,snne/okvqa/images/OKVQA_val2014_000000000000_2641245.jpg
val2014,other,3583425,0,"Geography, History, Language and Culture",What city is this?,washington dc,washington dc; washington dc; washington dc; washington dc; boston; boston; paris; paris; philadelphia; philadelphia,snne/okvqa/images/OKVQA_val2014_000000000000_3583425.jpg
val2014,other,849295,0,"Objects, Material and Clothing",What color green exactly are the tiles in this room?,seafoam,seafoam; seafoam; seafoam; seafoam; light; light; mint; mint; celadon; celadon,snne/okvqa/images/OKVQA_val2014_000000000000_849295.jpg
val2014,other,4611725,0,Cooking and Food,What orange veggie is in the bowl?,carrots,carrots; carrots; carrots; carrots; carrots; carrots; carrotts; carrotts; carrot; carrot,snne/okvqa/images/OKVQA_val2014_000000000000_4611725.jpg
val2014,other,2951385,0,Sports and Recreation,What is this skateboard move called?,grind,grind; grind; grind; grind; grind; grind; rock to fakie; rock to fakie; ollie; ollie,snne/okvqa/images/OKVQA_val2014_000000000000_2951385.jpg
val2014,other,4701135,0,"Objects, Material and Clothing",What wood are those cabinets made of?,oak,oak; oak; oak; oak; oak; oak; pine; pine; hickory; hickory,snne/okvqa/images/OKVQA_val2014_000000000000_4701135.jpg
val2014,other,3709805,0,"Objects, Material and Clothing",What animal is printed on this baby's clothes in this picture?,turtle,turtle; turtle; turtle; turtle; turtle; turtle; turtle; turtle; turtle; turtle,snne/okvqa/images/OKVQA_val2014_000000000000_3709805.jpg
val2014,other,3453805,0,Plants and Animals,How high can this animal jump?,3 feet,3 feet; 3 feet; 3 feet; 3 feet; 6 feet; 6 feet; 1 3 feet; 1 3 feet; 5 feet; 5 feet,snne/okvqa/images/OKVQA_val2014_000000000000_3453805.jpg
val2014,other,2609945,0,Other,What is this person's profession?,chef,chef; chef; chef; chef; chef; chef; cook; cook; baker; baker,snne/okvqa/images/OKVQA_val2014_000000000000_2609945.jpg
val2014,other,3138725,0,Sports and Recreation,What do skaters do in the winter?,snowboard,snowboard; snowboard; snowboard; snowboard; nothing; nothing; ice skate; ice skate; skate; skate,snne/okvqa/images/OKVQA_val2014_000000000000_3138725.jpg
val2014,other,9875,0,"Objects, Material and Clothing",Gas or electric?,electric,electric; electric; electric; electric; electric; electric; electric; electric; electric; electric,snne/okvqa/images/OKVQA_val2014_000000000000_9875.jpg
val2014,other,2852125,0,Other,What material are the shoes made of?,rubber,rubber; rubber; rubber; rubber; polyurethane; polyurethane; leather; leather; canvas; canvas,snne/okvqa/images/OKVQA_val2014_000000000000_2852125.jpg
val2014,other,782005,0,"Brands, Companies and Products",What object is disguised as a fridge?,amplifier,amplifier; amplifier; amplifier; amplifier; amplifier; amplifier; amp; amp; speaker; speaker,snne/okvqa/images/OKVQA_val2014_000000000000_782005.jpg
val2014,other,3453295,0,Weather and Climate,What part of the atmosphere is the object in?,troposphere,troposphere; troposphere; troposphere; troposphere; clouds; clouds; stratosphere; stratosphere; sky; sky,snne/okvqa/images/OKVQA_val2014_000000000000_3453295.jpg
val2014,other,760295,0,People and Everyday life,When was this rain protection item invented?,1852,1852; 1852; 1852; 1852; 1750; 1750; 1920's; 1920's; eighteen fifty 2; eighteen fifty 2,snne/okvqa/images/OKVQA_val2014_000000000000_760295.jpg
val2014,other,582545,0,Science and Technology,What does this device do?,change channels,change channels; change channels; change channels; change channels; change channels; change channels; change channels; change channels; changes channels; changes channels,snne/okvqa/images/OKVQA_val2014_000000000000_582545.jpg
val2014,other,4589035,0,Science and Technology,What is the man doing with his phone?,watching video,watching video; watching video; pictures; pictures; video taping; video taping; taking photos; taking photos; taking photo; taking photo,snne/okvqa/images/OKVQA_val2014_000000000000_4589035.jpg
val2014,other,5269045,0,"Brands, Companies and Products",Where can i get a laptop like the one found here?,bestbuy,bestbuy; bestbuy; bestbuy; bestbuy; amazon; amazon; amazon; amazon; electronics store; electronics store,snne/okvqa/images/OKVQA_val2014_000000000000_5269045.jpg
val2014,other,136375,0,People and Everyday life,What motion is this person making?,crouching,crouching; crouching; squating; squating; squatting; squatting; crouch; crouch; squat; squat,snne/okvqa/images/OKVQA_val2014_000000000000_136375.jpg
val2014,other,4812125,0,Weather and Climate,What season is it outside?,autumn,autumn; autumn; autumn; autumn; spring; spring; spring; spring; fall; fall,snne/okvqa/images/OKVQA_val2014_000000000000_4812125.jpg
val2014,other,1290655,0,Other,What time of day is it?,night,night; night; night; night; night; night; night; night; night; night,snne/okvqa/images/OKVQA_val2014_000000000000_1290655.jpg
val2014,other,4089895,0,Cooking and Food,What kitchen appliance is being used here?,blender,blender; blender; blender; blender; blender; blender; blender; blender; blender; blender,snne/okvqa/images/OKVQA_val2014_000000000000_4089895.jpg
