qid,label_mean,y_true,snne_score_mean,spec_score_mean,graph_num_set_mean,graph_lexical_sim_mean,graph_sum_eigv_mean,graph_degree_mat_mean,kle_heat_avg_mean,blackbox_se_mean,snne_eval_score,spec_eval_score
5302205,1.0,1,-2.3385746479034424,0.39709033827515744,8.6,-0.6531,3.7585260000000007,6.8728107199999995,1.6013262768344732,2.09803891956197,2.3385746479034424,0.39709033827515744
2026565,1.0,1,-2.3368906497955324,0.7594522510532256,4.4,-0.8520199999999999,2.43614654,5.3718163400000005,1.2042910826339523,1.3393331029886009,2.3368906497955324,0.7594522510532256
5723315,1.0,1,-2.3889848709106447,0.9555123573630109,1.6,-0.98002,1.5949123799999998,1.1439934519999997,0.5621245661816429,0.19504978403486892,2.3889848709106447,0.9555123573630109
2233005,1.0,1,-2.3707910060882567,0.6602719473372027,3.4,-0.9517000000000001,2.04152408,3.61666576,0.9484289582889114,0.7780597249517112,2.3707910060882567,0.6602719473372027
4611725,1.0,1,-2.3920374393463133,0.9668891930700108,1.0,-0.9339000000000001,1.07553076,0.7007207500000001,0.3271448774889321,0.0,2.3920374393463133,0.9668891930700108
1574695,1.0,1,-2.3789317131042482,0.7326872363053551,2.4,-0.9583999999999999,1.9334282000000003,2.379511844,0.7738405722276613,0.4809930490470279,2.3789317131042482,0.7326872363053551
468895,1.0,1,-2.3604085445404053,0.9267658352077109,2.8,-0.95106,1.68919052,3.1019649,0.8427931448184441,0.6869236518599426,2.3604085445404053,0.9267658352077109
1139755,0.6,1,-2.3440856456756594,0.6511038121357593,4.2,-0.8407,3.60381582,5.74905782,1.2105812960145017,1.1291534180374685,2.3440856456756594,0.6511038121357593
692665,1.0,1,-2.398940324783325,0.9561270166323965,1.0,-1.0,1.0074978,0.07442433,0.32551089882210416,0.0,2.398940324783325,0.9561270166323965
4494285,1.0,1,-2.344125986099243,0.536238589705887,4.8,-0.88932,4.24902552,6.469199900000001,1.3010551455953758,1.3042311735596444,2.344125986099243,0.536238589705887
2444875,1.0,1,-2.3857637882232665,0.9501584142814202,1.6,-0.9671799999999999,1.2854806,0.9059187432,0.5064595354161998,0.19282296660832504,2.3857637882232665,0.9501584142814202
1413345,1.0,1,-2.374688434600831,0.8150873457985327,2.0,-0.9781600000000001,1.3425631599999999,2.5383278799999998,0.7008551239836323,0.6850929751396698,2.374688434600831,0.8150873457985327
1636795,1.0,1,-2.3795228004455566,0.47881812523849776,3.0,-0.9669599999999999,1.2503018799999999,1.6078108919999998,0.7989386816845288,0.6340187567487452,2.3795228004455566,0.47881812523849776
4577085,1.0,1,-2.3753485679626465,0.9061805664937624,1.8,-0.9682400000000001,1.8036424199999999,2.0539969620000003,0.6652435755192266,0.33019415877185443,2.3753485679626465,0.9061805664937624
2241115,1.0,1,-2.348911666870117,0.6955348687414327,4.6,-0.921,4.206161679999999,6.51718908,1.295226256085894,1.2852657579246443,2.348911666870117,0.6955348687414327
1656755,1.0,1,-2.3737188816070556,0.8590598465956611,2.0,-0.97244,2.00473656,2.5298820280000003,0.7299415568729152,0.4125697602762255,2.3737188816070556,0.8590598465956611
2361625,1.0,1,-2.3585485458374023,0.7716262800827749,2.8,-0.9449,2.49923418,4.3687992,0.9235623106813069,0.7607607612049959,2.3585485458374023,0.7716262800827749
2479995,1.0,1,-2.3451919078826906,0.6694885526011431,4.0,-0.8740600000000001,3.41674752,6.168251980000001,1.2559645444247831,1.1783893117451907,2.3451919078826906,0.6694885526011431
995815,1.0,1,-2.397146701812744,0.9815090629898628,1.0,-1.0,1.009907,0.09809536,0.3255679341623806,0.0,2.397146701812744,0.9815090629898628
3675285,1.0,1,-2.3694668769836427,0.7976062432925055,2.8,-0.94712,2.31793822,3.91594524,0.9704429754197215,0.8043031003142955,2.3694668769836427,0.7976062432925055
5056385,1.0,1,-2.366961193084717,0.8521163835813089,2.6,-0.94336,2.1944051,3.8387032059999995,0.8630249017399123,0.6668938687511575,2.366961193084717,0.8521163835813089
2986225,1.0,1,-2.340250301361084,0.3676333503851143,6.6,-0.7107600000000001,4.17120606,6.39233476,1.496342326762596,1.657551684071946,2.340250301361084,0.3676333503851143
5493005,1.0,1,-2.3803740978240966,0.8207928218398729,2.0,-0.9369,1.73204736,4.046963440000001,0.8478649072982496,0.6646092967285216,2.3803740978240966,0.8207928218398729
3476935,1.0,1,-2.3581496715545653,0.5508334610884773,4.2,-0.88978,2.60499284,5.30429816,1.2249129259106821,1.2666204041966982,2.3581496715545653,0.5508334610884773
4097255,1.0,1,-2.3855399608612062,0.7562172919267627,2.0,-0.9493600000000001,1.1615486800000001,1.3660961,0.6927791421214742,0.6300874480343079,2.3855399608612062,0.7562172919267627
2829805,1.0,1,-2.373012113571167,0.6679598005065708,2.0,-0.95584,1.7492472,2.2986325200000004,0.6919754856229963,0.3554134945435364,2.373012113571167,0.6679598005065708
4923495,1.0,1,-2.343662977218628,0.9025415168785772,5.0,-0.8862399999999999,3.8866529600000006,6.223239480000001,1.3079765886752088,1.3407175323694398,2.343662977218628,0.9025415168785772
1553195,1.0,1,-2.352451801300049,0.6781016882499503,4.8,-0.90954,3.1910002,5.00531768,1.2302989101467097,1.2606287913709788,2.352451801300049,0.6781016882499503
5588545,1.0,1,-2.322594928741455,0.2569382817149416,9.4,-0.77606,6.463728980000001,8.09939758,1.8677811236110688,2.2194074313268524,2.322594928741455,0.2569382817149416
343215,1.0,1,-2.3425384044647215,0.6271982785861916,5.8,-0.81824,3.4065321000000006,6.439038460000001,1.4146195230881533,1.5675780609329366,2.3425384044647215,0.6271982785861916
1663445,1.0,1,-2.3654800415039063,0.8022090514435088,2.4,-0.9248200000000001,2.2842360800000003,2.77404212,0.8033083306507869,0.48349960049774376,2.3654800415039063,0.8022090514435088
2650635,0.6000000000000001,1,-2.356465291976929,0.578243771730959,3.2,-0.91618,3.20540284,5.04169116,1.1052611357375404,0.885253944554945,2.356465291976929,0.578243771730959
1879905,1.0,1,-2.3465818881988527,0.22072528652204088,3.4,-0.8926000000000001,2.9000812799999998,5.495194,1.1366051393774856,1.012518275149846,2.3465818881988527,0.22072528652204088
3282845,1.0,1,-2.3521111488342283,0.590316415102637,3.4,-0.9316599999999999,2.8792490600000002,4.743685,1.0657787779009482,0.8753333114980621,2.3521111488342283,0.590316415102637
2918165,1.0,1,-2.3544223308563232,0.37058311325234683,4.4,-0.93628,3.63035346,4.6738083800000005,1.0927480731296801,1.0426268168738544,2.3544223308563232,0.37058311325234683
4396515,1.0,1,-2.3372676849365233,0.5232355624191715,5.2,-0.8230600000000001,3.9686385599999996,6.8618021,1.3639771121637514,1.450236651878192,2.3372676849365233,0.5232355624191715
3831635,1.0,1,-2.3798996448516845,0.6453239140498429,2.4,-0.84566,1.5764080200000001,2.20382604,0.7383935610340628,0.5574127886420138,2.3798996448516845,0.6453239140498429
3803485,1.0,1,-2.326696681976318,0.5309796515859657,7.4,-0.8604,6.31729344,8.12909068,1.620977606531405,1.9002887076017103,2.326696681976318,0.5309796515859657
1561045,1.0,1,-2.389919090270996,0.8542150226348217,1.4,-0.98668,1.4092304599999999,0.847818936,0.4893410389197922,0.1300331893565793,2.389919090270996,0.8542150226348217
2537325,1.0,1,-2.37245397567749,0.8095127985080104,2.4,-0.95974,1.54047446,2.2404585812,0.7317804830064194,0.51355038762566,2.37245397567749,0.8095127985080104
672075,1.0,1,-2.3842701435089113,0.8682890047824843,1.6,-0.9488800000000002,1.2120133599999998,1.38614067,0.5110110638862367,0.23011367406421684,2.3842701435089113,0.8682890047824843
4689545,1.0,1,-2.3813831329345705,0.8275953382257205,2.0,-0.93944,1.5695307399999998,3.30053426,0.7450498145285035,0.6074530309958326,2.3813831329345705,0.8275953382257205
4466375,0.6,1,-2.3368295192718507,0.7056915280795785,5.2,-0.9022600000000001,4.8162632599999995,7.079619480000001,1.4450581307624024,1.4552900826625064,2.3368295192718507,0.7056915280795785
275855,1.0,1,-2.387817859649658,0.9550398052193533,1.6,-0.93862,1.09974538,0.6825102300000001,0.518437628516223,0.19504978403486892,2.387817859649658,0.9550398052193533
5543025,1.0,1,-2.3288925170898436,0.22571593124001618,5.4,-0.84748,4.9856837,7.414873040000001,1.4715661274942868,1.5243337800509336,2.3288925170898436,0.22571593124001618
3979035,1.0,1,-2.373183488845825,0.866113590924075,3.4,-0.86858,1.4492927,2.70073406,0.9357000809676922,0.8736288202101689,2.373183488845825,0.866113590924075
1477455,1.0,1,-2.346856880187988,0.5129673481192344,5.8,-0.83636,4.64145056,6.78964376,1.4799295070693215,1.5280027814544088,2.346856880187988,0.5129673481192344
5465845,1.0,1,-2.390372371673584,0.879771779806914,1.4,-0.9804,1.25783094,0.9573240234,0.45754548507479775,0.16509707938592721,2.390372371673584,0.879771779806914
33825,1.0,1,-2.397448778152466,0.9882996804736667,1.0,-1.0,1.0087976,0.08722061,0.32554169377789205,0.0,2.397448778152466,0.9882996804736667
2650015,1.0,1,-2.3551308631896974,0.7477323276182684,2.2,-0.9013399999999999,2.21535496,4.49340924,0.878289852458332,0.6676982173972541,2.3551308631896974,0.7477323276182684
1155715,1.0,1,-2.3814361095428467,0.8641061882081693,1.0,-0.9822200000000001,1.01054396,0.1042600612,0.32558310460476503,0.0,2.3814361095428467,0.8641061882081693
3770975,0.6000000000000001,1,-2.3270657062530518,0.5419126039005013,6.4,-0.8654400000000001,6.07584984,7.5665660400000005,1.563207250629238,1.6720437496573743,2.3270657062530518,0.5419126039005013
2852125,0.5999999999999999,1,-2.35104079246521,0.6692122984467878,3.2,-0.9210800000000001,2.99774862,5.61588392,1.11782612930846,0.9746474869592117,2.35104079246521,0.6692122984467878
1409635,1.0,1,-2.3925522327423097,0.8180161550242557,1.2,-0.98984,1.0620351399999999,0.44708064399999997,0.3882107019177952,0.10008048470763757,2.3925522327423097,0.8180161550242557
2506805,1.0,1,-2.377494287490845,0.847323164295424,2.8,-0.9384,2.5006786400000003,3.81752546,0.9661304296048723,0.6869236518599426,2.377494287490845,0.847323164295424
4684875,0.6000000000000001,1,-2.325002336502075,0.5390224833665445,8.2,-0.79112,7.113508159999999,8.197116900000001,1.7750250188702936,2.0216572193665923,2.325002336502075,0.5390224833665445
1290655,1.0,1,-2.397839593887329,0.7848887748616878,1.2,-0.99428,1.0409944599999998,0.306893112,0.386718001943443,0.06501659467828964,2.397839593887329,0.7848887748616878
2337715,1.0,1,-2.3776570320129395,0.6501783252409872,1.6,-0.9292400000000001,1.1934072199999999,1.55181528,0.5390390302326616,0.32179178849111967,2.3776570320129395,0.6501783252409872
2291915,1.0,1,-2.3498433589935304,0.6808468354409415,3.8,-0.95174,3.8187436200000002,5.57495454,1.1724425154016997,1.0273304026423289,2.3498433589935304,0.6808468354409415
136375,0.6000000000000001,1,-2.380627489089966,0.839360423639173,2.8,-0.88696,2.24303818,4.7366996,0.9900050600949429,0.9187494651749823,2.380627489089966,0.839360423639173
4494125,0.6,1,-2.3608649730682374,0.6563133975248976,3.8,-0.9064,2.29006964,4.15052368,1.0859105811229786,1.0841666064679638,2.3608649730682374,0.6563133975248976
3481865,1.0,1,-2.3962934970855714,0.9425307808388205,1.0,-0.9638,1.03640838,0.343924434,0.32620538184581077,0.0,2.3962934970855714,0.9425307808388205
1200615,1.0,1,-2.3366169929504395,0.5981839948820309,6.2,-0.84002,4.38766404,6.7521676,1.4810370005568918,1.5987509701307299,2.3366169929504395,0.5981839948820309
1274945,0.6,1,-2.3567744731903075,0.764114212206205,4.2,-0.8985999999999998,2.1702681999999998,4.17849354,1.0493732717982478,1.0894420166803578,2.3567744731903075,0.764114212206205
973625,1.0,1,-2.3846437454223635,0.8125993096035315,1.6,-0.97482,1.5992428,1.418562964,0.5762037162354969,0.23011367406421684,2.3846437454223635,0.8125993096035315
2099955,1.0,1,-2.3873385429382323,0.913827037381688,1.2,-0.99626,1.05388986,0.40048860399999997,0.38642254155273453,0.10008048470763757,2.3873385429382323,0.913827037381688
3318165,1.0,1,-2.3922231197357178,0.9532493153100374,1.0,-1.0,1.0059958,0.059601367,0.3254753369278344,0.0,2.3922231197357178,0.9532493153100374
3127465,1.0,1,-2.3404428005218505,0.45775905435900094,5.8,-0.8906599999999999,5.09212194,6.99365198,1.4516771483213595,1.5087773469917203,2.3404428005218505,0.45775905435900094
1985905,0.6,1,-2.373402976989746,0.6832692857983649,2.4,-0.9533400000000001,2.2441848,2.492574728,0.765258566671115,0.4762596801697681,2.373402976989746,0.6832692857983649
5341945,1.0,1,-2.3584373950958253,0.7768895831856633,1.4,-0.9491999999999999,1.39688896,1.068447882,0.49159780327557145,0.16509707938592721,2.3584373950958253,0.7768895831856633
1059125,1.0,1,-2.3809380531311035,0.9189389552173294,1.0,-1.0,1.010659,0.10546392,0.32558575078210095,0.0,2.3809380531311035,0.9189389552173294
5028525,1.0,1,-2.363814640045166,0.2670535969051148,4.0,-0.80968,2.30472462,3.9749015400000003,1.0509284160552537,0.9998287833312853,2.363814640045166,0.2670535969051148
4445655,1.0,1,-2.3365337371826174,0.7086395013842861,5.6,-0.8643599999999999,5.36718106,7.060500500000001,1.4269020681324782,1.472551007009613,2.3365337371826174,0.7086395013842861
1043205,1.0,1,-2.378920841217041,0.565370250168792,2.0,-0.95832,1.3920481599999999,1.7400668799999999,0.620016081522623,0.3228561559649043,2.378920841217041,0.565370250168792
4282315,0.5999999999999999,1,-2.3481662273406982,0.4628507039729447,4.0,-0.7936,2.74909648,5.8214435600000005,1.1255804239213867,1.202088096257451,2.3481662273406982,0.4628507039729447
5020635,1.0,1,-2.3466180324554444,0.5948068657676154,4.6,-0.9003599999999998,3.5902732399999997,5.49833042,1.256551000370076,1.2326809247205013,2.3466180324554444,0.5948068657676154
5103295,1.0,1,-2.397918939590454,0.9500192613768951,1.0,-1.0,1.0064827,0.06440896,0.3254868579163031,0.0,2.397918939590454,0.9500192613768951
4701135,1.0,1,-2.3402445316314697,0.7198168302576711,4.6,-0.9005400000000001,4.2829218,6.361631999999999,1.3157676550960227,1.28021232714033,2.3402445316314697,0.7198168302576711
1058855,1.0,1,-2.379050636291504,0.9230251536465237,2.0,-0.9641,1.29342342,2.1558638,0.6868244120353463,0.6079950723309668,2.379050636291504,0.9230251536465237
2609945,1.0,1,-2.394899368286133,0.8776758945630382,1.0,-0.9841200000000001,1.0143392599999999,0.1394967544,0.3256744605995389,0.0,2.394899368286133,0.8776758945630382
2393765,1.0,1,-2.3508675575256346,0.2859466400251966,4.6,-0.9393799999999999,3.3548292799999997,5.8364852,1.2851411341408132,1.2519063591831898,2.3508675575256346,0.2859466400251966
3453805,1.0,1,-2.3257080078125,0.43498351611875996,6.8,-0.80468,4.6108406,7.2790070600000005,1.5747555476700772,1.7707398049841732,2.3257080078125,0.43498351611875996
5610885,1.0,1,-2.388175868988037,0.9423880828972304,1.2,-0.9978999999999999,1.0354118600000002,0.26413833600000003,0.38698254534178844,0.06501659467828964,2.388175868988037,0.9423880828972304
1040025,1.0,1,-2.3912025928497314,0.8970983890364386,1.2,-0.98856,1.03300072,0.2717962472,0.38182282548948676,0.06501659467828964,2.3912025928497314,0.8970983890364386
4009815,1.0,1,-2.39607310295105,0.982229789713517,1.0,-1.0,1.0091968,0.09114468,0.32555115502474796,0.0,2.39607310295105,0.982229789713517
3391775,1.0,1,-2.3544310569763183,0.4929475132351069,4.8,-0.86388,2.92985234,5.226656,1.2390477946586114,1.2652359748158593,2.3544310569763183,0.4929475132351069
5069455,1.0,1,-2.372778224945068,0.5618432543490222,3.2,-0.9256800000000001,2.14999182,3.67090156,1.009608172760907,0.9515287831816941,2.372778224945068,0.5618432543490222
1391815,0.6000000000000001,1,-2.3776998043060305,0.8540013397937243,2.6,-0.8633599999999999,1.9398843200000002,2.725316834,0.7319157326035639,0.5384093336074052,2.3776998043060305,0.8540013397937243
1608115,1.0,1,-2.349445676803589,0.5772853786361559,6.2,-0.8550800000000001,2.58440404,5.6501132599999995,1.346128216668966,1.654424724003605,2.349445676803589,0.5772853786361559
1879015,1.0,1,-2.382276916503906,0.8102379951970595,1.0,-0.94622,1.09042194,0.680534879,0.32751326636372513,0.0,2.382276916503906,0.8102379951970595
4069085,0.6000000000000001,1,-2.354804182052612,0.7576579456210932,3.2,-0.9516,2.57729626,4.815398180000001,1.0564478799572494,0.9407057189997404,2.354804182052612,0.7576579456210932
782005,1.0,1,-2.36568341255188,0.44006443376722626,3.6,-0.8991,1.9133353,4.08596472,1.1208508797999956,1.0210187279095555,2.36568341255188,0.44006443376722626
5752545,1.0,1,-2.3612452030181883,0.8550637973945822,3.2,-0.9499000000000001,2.89324408,3.95082058,0.9554638215793032,0.7528403891800292,2.3612452030181883,0.8550637973945822
28815,1.0,1,-2.3406450748443604,0.7759235618822947,4.2,-0.8820399999999999,3.7810170199999993,6.09210866,1.236186160484468,1.1710132695386324,2.3406450748443604,0.7759235618822947
5576335,1.0,1,-2.397918939590454,0.9909866884568155,1.0,-1.0,1.0068457,0.06798166,0.3254954276415584,0.0,2.397918939590454,0.9909866884568155
1229825,0.5999999999999999,1,-2.364479970932007,0.5979389526823076,2.2,-0.9646600000000001,1.71737956,3.0166995,0.7529591083186099,0.547714135013211,2.364479970932007,0.5979389526823076
3874635,1.0,1,-2.385901689529419,0.5999661856692093,1.0,-0.96488,1.10492332,0.898112992,0.327930654238676,0.0,2.385901689529419,0.5999661856692093
3271555,1.0,1,-2.3277485370635986,0.39997868946101156,7.0,-0.8150999999999999,5.258324539999999,7.659165340000001,1.6252937869975477,1.8380409716850992,2.3277485370635986,0.39997868946101156
3814165,1.0,1,-2.357583475112915,0.8987610195389371,2.0,-0.9221,2.00890816,4.47165168,0.8293455127869752,0.6357232480366386,2.357583475112915,0.8987610195389371
437205,1.0,1,-2.368008089065552,0.913684759322041,2.6,-0.959,1.8951128199999996,3.3854503200000003,0.8715523748772286,0.8187571265001157,2.368008089065552,0.913684759322041
2309035,1.0,1,-2.3787652015686036,0.9218905868463712,2.2,-0.92666,1.97382566,2.094083856,0.7321803016858122,0.3856459332166501,2.3787652015686036,0.9218905868463712
348775,1.0,1,-2.3282983779907225,0.42355544808764634,7.2,-0.8045,5.48515564,7.709313420000001,1.6268846849267782,1.84850593456039,2.3282983779907225,0.42355544808764634
5723996,1.0,1,-2.333013153076172,0.5164509813070698,6.6,-0.7988999999999999,4.00950762,7.05796714,1.5453753444175784,1.7548633100179054,2.333013153076172,0.5164509813070698
4093465,1.0,1,-2.3506494998931884,0.6785069236447553,4.6,-0.95814,3.32128622,6.024524820000001,1.3050918964953482,1.2819168184282237,2.3506494998931884,0.6785069236447553
3412305,1.0,1,-2.3673280239105225,0.7291844547740334,3.4,-0.9553,1.6230001399999998,3.12270628,0.9488472043875336,0.8897272946045165,2.3673280239105225,0.7291844547740334
4812125,0.5999999999999999,1,-2.360500431060791,0.7461197673999718,2.6,-0.9311,2.6008063,3.75824438,0.9201063573427813,0.6357232480366386,2.360500431060791,0.7461197673999718
2951385,0.5999999999999999,1,-2.337196731567383,0.5996745725165917,5.4,-0.8635400000000001,4.64075594,7.1325278999999995,1.4783553992761609,1.512126286488141,2.337196731567383,0.5996745725165917
3793105,1.0,1,-2.3891279220581056,0.8799992145896954,1.4,-0.9410999999999999,1.0931369999999998,0.6550366488,0.44993634947228767,0.16509707938592721,2.3891279220581056,0.8799992145896954
3580245,1.0,1,-2.3277809619903564,0.6565306618346106,6.2,-0.8572799999999999,5.54276032,7.83987134,1.5672386080849,1.7130034585167415,2.3277809619903564,0.6565306618346106
3583425,0.5999999999999999,1,-2.373796033859253,0.7506576139708466,2.2,-0.9261199999999998,1.7439609,2.087921906,0.7090043589418513,0.42070982324599804,2.373796033859253,0.7506576139708466
3741565,1.0,1,-2.382826232910156,0.9329122314675449,2.8,-0.9466999999999999,1.2642883999999999,1.9072665399999997,0.8085677110976042,0.7089779881636753,2.382826232910156,0.9329122314675449
5274975,1.0,1,-2.39584755897522,0.8698605046076775,1.0,-1.0,1.0051603,0.051341236,0.3254555711654073,0.0,2.39584755897522,0.8698605046076775
749675,0.6,1,-2.3457562923431396,0.424267414170404,5.2,-0.81044,3.39515524,5.57489152,1.301237247001454,1.333921570897624,2.3457562923431396,0.424267414170404
4089895,1.0,1,-2.3910998344421386,0.9577931871062908,1.4,-0.9858800000000001,1.38391576,0.7939346800000001,0.4855904155424911,0.1300331893565793,2.3910998344421386,0.9577931871062908
1704255,0.6,1,-2.3579052448272706,0.5816275999703832,4.0,-0.8984,2.57824216,4.8112289,1.1155707654542757,1.106480961599385,2.3579052448272706,0.5816275999703832
3641335,1.0,1,-2.3981403350830077,0.9871653326094295,1.0,-0.97532,1.00487198,0.04542241500000001,0.32544145192573837,0.0,2.3981403350830077,0.9871653326094295
2365426,1.0,1,-2.377361297607422,0.8413457960936188,2.4,-0.9543200000000001,1.8942389799999997,2.0001855399999995,0.74472934800234,0.44843571046839587,2.377361297607422,0.8413457960936188
3773935,1.0,1,-2.3486252307891844,0.6597700927733309,4.2,-0.91762,3.448389399999999,5.08100588,1.175031851600809,1.0762104835266628,2.3486252307891844,0.6597700927733309
5131255,1.0,1,-2.3965108394622803,0.8710322777458404,1.0,-1.0,1.011945,0.11805205,0.32561625645638786,0.0,2.3965108394622803,0.8710322777458404
2641245,1.0,1,-2.3369258403778077,0.5068228587374206,3.6,-0.90026,3.4530959800000005,5.9780558,1.1800025275189583,1.068290111501696,2.3369258403778077,0.5068228587374206
1603935,0.5999999999999999,1,-2.3568638801574706,0.7108215474351431,3.4,-0.9457000000000001,3.0665986,5.07013708,1.0671072879728731,0.9209002038023094,2.3568638801574706,0.7108215474351431
218645,0.6000000000000001,1,-2.3470129013061523,0.6753816093662145,3.6,-0.9264199999999999,3.1401933200000003,5.779098360000001,1.1584986103780393,1.0725391936399136,2.3470129013061523,0.6753816093662145
3709805,1.0,1,-2.395729780197144,0.8718813680155636,1.0,-1.0,1.0053236,0.052950025,0.3254594179893032,0.0,2.395729780197144,0.8718813680155636
1298555,1.0,1,-2.3856008052825928,0.9382571517803461,1.0,-1.0,1.0075874,0.07529175,0.3255129835366216,0.0,2.3856008052825928,0.9382571517803461
1054265,1.0,1,-2.344696521759033,0.6003080701465258,5.0,-0.8917400000000001,3.7514550800000004,6.138933400000001,1.345195916835824,1.3325371415167848,2.344696521759033,0.6003080701465258
3679055,1.0,1,-2.398154020309448,0.9956691197371665,1.0,-1.0,1.0092803,0.091955245,0.32555311039799123,0.0,2.398154020309448,0.9956691197371665
2895735,1.0,1,-2.3516872882843023,0.5968535234581582,4.0,-0.9211,3.6231097599999997,5.5986203,1.19217773476413,1.0773706449961478,2.3516872882843023,0.5968535234581582
5662495,1.0,1,-2.390703296661377,0.920515326789201,1.4,-0.9841200000000001,1.4010804799999999,1.089985368,0.49733723188374696,0.16509707938592721,2.390703296661377,0.920515326789201
1173375,1.0,1,-2.3411677360534666,0.47292403480135736,5.2,-0.8819000000000001,2.9115052199999996,6.01650514,1.3283912396793938,1.472551007009613,2.3411677360534666,0.47292403480135736
2655965,1.0,1,-2.3276296615600587,0.4289068312065911,6.2,-0.85808,5.314011939999999,7.680941200000001,1.5733023286260868,1.6889465726978188,2.3276296615600587,0.4289068312065911
3862045,1.0,1,-2.396185398101806,0.7437978026919827,1.0,-1.0,1.0034655,0.034526467,0.325415447591035,0.0,2.396185398101806,0.7437978026919827
1071835,1.0,1,-2.3974525928497314,0.9671344932145773,1.0,-1.0,1.009949,0.0985111,0.32556893860877517,0.0,2.3974525928497314,0.9671344932145773
4338455,1.0,1,-2.397457838058472,0.9524649482640954,1.0,-1.0,1.0053301,0.05302941800000001,0.3254596078650968,0.0,2.397457838058472,0.9524649482640954
1929325,0.5999999999999999,1,-2.3388267993927,0.42495439064321605,6.2,-0.87926,3.8449849199999995,6.8018445,1.3894030758428562,1.666632217566398,2.3388267993927,0.42495439064321605
1442525,1.0,1,-2.359459924697876,0.7380677757979845,2.0,-0.98946,1.18076398,1.30147487,0.6568565872917353,0.4173031291534852,2.359459924697876,0.7380677757979845
62205,1.0,1,-2.3568172454833984,0.7661149176584836,2.6,-0.91236,2.15993084,4.73532448,0.9142613342764327,0.8216240677407682,2.3568172454833984,0.7661149176584836
3453295,0.6000000000000001,1,-2.350321960449219,0.6000907162678283,5.2,-0.9098799999999999,3.3034999999999997,6.514770540000001,1.3239985252419675,1.48981193135672,2.350321960449219,0.6000907162678283
2767315,0.5999999999999999,1,-2.340309000015259,0.8091839102904406,5.2,-0.85958,3.35274238,5.55606716,1.376626708656661,1.385124263204202,2.340309000015259,0.8091839102904406
4124555,1.0,1,-2.364545345306397,0.6244883026788759,2.4,-0.9054400000000001,1.9943933800000004,3.4187262399999994,0.8370377346174346,0.6051304195735883,2.364545345306397,0.6244883026788759
720515,1.0,1,-2.3958451747894287,0.8931320319903071,1.0,-1.0,1.0065627,0.06519538,0.325488743696137,0.0,2.3958451747894287,0.8931320319903071
3970635,0.0,0,-2.3524380683898927,0.6412014092697369,4.0,-0.8408800000000001,3.45558584,6.574969200000001,1.3166138937006746,1.2852657579246443,2.3524380683898927,0.6412014092697369
4358075,0.0,0,-2.3330609798431396,0.3012305938236552,6.2,-0.89054,5.764768139999999,7.60048472,1.5885407275586272,1.692615574101294,2.3330609798431396,0.3012305938236552
5399385,0.0,0,-2.345224618911743,0.5428385807289595,4.4,-0.7646200000000001,2.8812369999999996,5.42903398,1.2080792665600755,1.2125530591327418,2.345224618911743,0.5428385807289595
5439925,0.0,0,-2.335823583602905,0.41978647361054033,8.4,-0.77286,4.80242696,7.37706096,1.6621884697483238,2.042587145117174,2.335823583602905,0.41978647361054033
9875,0.0,0,-2.353089475631714,0.7171501607337035,1.0,-0.86778,1.24486016,1.94641412,0.3315549291929357,0.0,2.353089475631714,0.7171501607337035
4751845,0.0,0,-2.3471396446228026,0.4470420345947502,3.2,-0.9100800000000001,2.99626548,5.467538800000001,1.0934449107794548,0.9610555640155798,2.3471396446228026,0.4470420345947502
1233605,0.0,0,-2.3340880393981935,0.5525834336564451,4.8,-0.87188,4.67185864,6.90997122,1.3929306340398886,1.3579784567165467,2.3340880393981935,0.5525834336564451
206295,0.0,0,-2.3484500885009765,0.45091011509413914,4.2,-0.9263999999999999,3.3900881399999996,6.12944274,1.2530270487743778,1.2352255155708254,2.3484500885009765,0.45091011509413914
2190755,0.0,0,-2.3590484619140626,0.7128470039571553,3.0,-0.92494,3.00796436,4.70932378,1.039398251969646,0.8065496329373231,2.3590484619140626,0.7128470039571553
1709605,0.0,0,-2.3647902965545655,0.7940795232163805,3.0,-0.91998,2.17211772,3.6629286800000003,0.9356098189959823,0.8610131187075506,2.3647902965545655,0.7940795232163805
5379826,0.0,0,-2.3281471729278564,0.3892552847766496,6.8,-0.74912,3.89365612,6.991580740000001,1.4688117220880295,1.8066460830592264,2.3281471729278564,0.3892552847766496
1001875,0.0,0,-2.3464635848999023,0.8015578431981265,4.0,-0.89778,3.83441368,6.263244760000001,1.2561716926447386,1.1687286975159963,2.3464635848999023,0.8015578431981265
5516505,0.0,0,-2.376255464553833,0.6917412154657276,2.8,-0.9263999999999999,2.4082320000000004,4.6711107,0.9727186278707103,0.799211630130373,2.376255464553833,0.6917412154657276
3732845,0.0,0,-2.33341965675354,0.3599785243549592,5.4,-0.81318,3.62269224,6.80723428,1.4246195236323551,1.5280027814544088,2.33341965675354,0.3599785243549592
3040445,0.0,0,-2.326743412017822,0.4887961107941323,6.4,-0.85218,4.62962646,7.30917,1.5210807021052708,1.716672459920217,2.326743412017822,0.4887961107941323
1759945,0.0,0,-2.3323616981506348,0.368858964100977,6.6,-0.9228799999999999,4.58836178,7.341510359999999,1.5591420650604886,1.7430139177617754,2.3323616981506348,0.368858964100977
1883115,0.0,0,-2.329899024963379,0.4638082831292548,8.0,-0.84712,5.42922762,7.716480079999999,1.7034320186750715,1.9939313321441952,2.329899024963379,0.4638082831292548
3917285,0.0,0,-2.3277800559997557,0.45551135171402696,5.8,-0.80744,5.4654283800000005,7.59877726,1.5154877208101873,1.6057689110306252,2.3277800559997557,0.45551135171402696
1997715,0.0,0,-2.334601879119873,0.4707247224025708,7.2,-0.81052,4.59489294,7.5126806,1.6132837272177571,1.8830277832546034,2.334601879119873,0.4707247224025708
582545,0.0,0,-2.3421138763427733,0.4747466602962116,5.4,-0.78856,3.4284358,5.973504200000001,1.3512996692762334,1.4556481839691688,2.3421138763427733,0.4747466602962116
5583885,0.0,0,-2.3959450244903566,0.8028140785798907,1.2,-0.9178200000000001,1.1843298999999998,0.4228895736,0.38836494303313335,0.06501659467828964,2.3959450244903566,0.8028140785798907
2352215,0.0,0,-2.36823992729187,0.6739208332373443,2.6,-0.932,2.3491946199999996,4.35903488,0.8930276555164577,0.6834766298845474,2.36823992729187,0.6739208332373443
4194085,0.0,0,-2.3400532722473146,0.5585677847907002,4.0,-0.95846,3.7022399800000003,6.27856192,1.2609135830745806,1.1723976989194713,2.3400532722473146,0.5585677847907002
2664515,0.0,0,-2.3353362560272215,0.374479602138758,4.4,-0.8876200000000001,4.27840062,7.0650993799999995,1.3734314502344198,1.34071753236944,2.3353362560272215,0.374479602138758
3419335,0.0,0,-2.335516357421875,0.2509760360647762,7.0,-0.8089999999999999,3.0992443400000003,6.12465086,1.532444679151784,1.8275760088098079,2.335516357421875,0.2509760360647762
264135,0.0,0,-2.351457118988037,0.5634092846552543,3.2,-0.90474,2.5808380200000003,5.31930692,1.082378354124954,0.9607355021085254,2.351457118988037,0.5634092846552543
2142475,0.0,0,-2.331995630264282,0.5529393446674344,5.6,-0.92964,5.57796652,7.603973999999999,1.5227388588772854,1.569320591620438,2.331995630264282,0.5529393446674344
986745,0.0,0,-2.334638833999634,0.6334887096659524,5.0,-0.8583000000000001,4.3486082800000005,6.900340559999999,1.3957681381807274,1.4157148031839784,2.334638833999634,0.6334887096659524
2924935,0.0,0,-2.3551501274108886,0.6132376024710628,4.4,-0.9158799999999999,3.6709395000000002,6.38254096,1.2647286856003808,1.249717581156254,2.3551501274108886,0.6132376024710628
849295,0.0,0,-2.3380482673645018,0.46430583987915713,5.6,-0.89116,3.9583642400000003,6.935860959999999,1.4268794908729716,1.5729895930239135,2.3380482673645018,0.46430583987915713
4496385,0.0,0,-2.350197744369507,0.4817048540909409,3.6,-0.89298,2.9645227000000003,5.61982136,1.1765103347553547,1.061852251336543,2.350197744369507,0.4817048540909409
1967155,0.0,0,-2.342558813095093,0.573179230226579,4.8,-0.8434000000000001,2.86657348,5.74812816,1.2047682084773945,1.3616474581200215,2.342558813095093,0.573179230226579
2037545,0.0,0,-2.3433250904083254,0.6006614409256683,4.0,-0.90222,3.99182774,5.9533872,1.2161561005879482,1.1000431014342316,2.3433250904083254,0.6006614409256683
3397615,0.0,0,-2.338360548019409,0.4907380293484076,5.2,-0.88086,4.4628082000000004,6.906580439999999,1.4088150652926328,1.4343601569119244,2.338360548019409,0.4907380293484076
1490145,0.0,0,-2.3471582889556886,0.5215145959392831,2.0,-0.8866800000000001,1.72524324,3.6979285200000005,0.8103073512235888,0.5564746066006085,2.3471582889556886,0.5215145959392831
5269045,0.0,0,-2.347360134124756,0.4425336732835146,5.0,-0.9218,2.95976146,5.32855512,1.2302432522660454,1.3160805658157748,2.347360134124756,0.4425336732835146
5393905,0.0,0,-2.3500266075134277,0.6452538253853746,2.4,-0.92832,2.40420308,5.20410518,0.9469776898186801,0.7760929263528554,2.3500266075134277,0.6452538253853746
4589035,0.0,0,-2.3736066818237305,0.8716179813086292,3.0,-0.9133799999999999,1.91421764,2.8802496399999997,0.9116944246818657,0.7596363506518451,2.3736066818237305,0.8716179813086292
1973525,0.0,0,-2.3524319171905517,0.5280467755277342,4.2,-0.8120799999999999,2.77872122,5.47582742,1.2113220975519143,1.2366099449516645,2.3524319171905517,0.5280467755277342
3138725,0.0,0,-2.3426119327545165,0.4375946995585984,5.4,-0.8271799999999999,3.8383181,5.487421879999999,1.2973384843080682,1.293186129949611,2.3426119327545165,0.4375946995585984
1162525,0.0,0,-2.333358144760132,0.2692433514689873,6.8,-0.80786,3.83933838,7.108046,1.4806344822450084,1.827576008809808,2.333358144760132,0.2692433514689873
5633815,0.0,0,-2.33829927444458,0.4497670025893258,6.8,-0.89428,4.4321372000000006,7.38102262,1.4955489756024216,1.8171110459345168,2.33829927444458,0.4497670025893258
3413095,0.0,0,-2.3221789836883544,0.29057943435273226,7.2,-0.83278,6.127764040000001,7.903850579999999,1.6791571416758355,1.8657668589074965,2.3221789836883544,0.29057943435273226
1603305,0.0,0,-2.3536691188812258,0.47035224505078865,4.6,-0.92086,2.5179728000000003,4.60925328,1.2056093749227768,1.2708717748181901,2.3536691188812258,0.47035224505078865
3621275,0.0,0,-2.367787313461304,0.8690110118472724,1.8,-0.9749599999999999,1.3608817800000002,1.9360344166,0.6891091126957507,0.3873504245045435,2.367787313461304,0.8690110118472724
1824415,0.0,0,-2.3502814292907717,0.7010394583437383,4.4,-0.8645200000000001,3.42742272,5.57000854,1.2065928000872923,1.1495032630533077,2.3502814292907717,0.7010394583437383
4854065,0.0,0,-2.346985673904419,0.34833792193645186,4.8,-0.9107,3.5494147,6.25002602,1.337133362851701,1.356013946600965,2.346985673904419,0.34833792193645186
760295,0.0,0,-2.332066202163696,0.4235474608320648,8.0,-0.8623800000000001,5.7476228,7.71199558,1.7488615400430205,2.004396295019486,2.332066202163696,0.4235474608320648
504825,0.0,0,-2.337823486328125,0.46357796314431343,5.8,-0.78054,2.96307966,5.589580580000001,1.325174142430858,1.5675780609329366,2.337823486328125,0.46357796314431343
4675935,0.0,0,-2.3559293270111086,0.7299738602170794,2.6,-0.92222,2.47818616,5.0142026799999995,0.9895394829520952,0.8102566737404064,2.3559293270111086,0.7299738602170794
4100045,0.0,0,-2.3380446434020996,0.44675240012383444,4.8,-0.86632,3.2911551799999996,6.39131762,1.3221782358540124,1.3893733453424197,2.3380446434020996,0.44675240012383444
2793435,0.0,0,-2.3510886669158935,0.762440573461815,5.0,-0.9265800000000001,2.78025454,5.4898562,1.2417237240504237,1.3829354851772664,2.3510886669158935,0.762440573461815
3380575,0.0,0,-2.3503289222717285,0.4713896155680228,4.0,-0.8973800000000001,3.6028706799999997,6.406367780000001,1.2602642071610104,1.2193490206045579,2.3503289222717285,0.4713896155680228
3728615,0.0,0,-2.3271904468536375,0.34215696928163913,8.6,-0.80678,7.0711256,8.4503338,1.723546180359715,2.1085038824372613,2.3271904468536375,0.34215696928163913
2984405,0.0,0,-2.3292729377746584,0.503146435712016,7.6,-0.71958,5.128130280000001,7.6290020599999995,1.6732397757499076,1.928014594824108,2.3292729377746584,0.503146435712016
5707095,0.0,0,-2.338244342803955,0.5419809840742144,5.6,-0.80772,3.9777494600000005,6.4842128599999995,1.346807681279114,1.480731397862268,2.338244342803955,0.5419809840742144
1572615,0.0,0,-2.3394704341888426,0.2509373211540462,5.0,-0.8497399999999999,3.7502129,6.52315452,1.3755638716564125,1.4116877004738408,2.3394704341888426,0.2509373211540462
4113035,0.0,0,-2.3420358180999754,0.422700727164265,4.8,-0.82164,3.07095088,5.909759660000001,1.2814209644610166,1.4170992325648175,2.3420358180999754,0.422700727164265
485555,0.0,0,-2.3463985919952393,0.5187124878171325,4.6,-0.8683400000000001,3.6220502000000003,6.0681598,1.2556932546509887,1.2957307207999353,2.3463985919952393,0.5187124878171325
4767705,0.0,0,-2.3283812046051025,0.42650445875628307,6.4,-0.85552,5.587413799999999,7.820240199999999,1.5641224610675608,1.7443983471426143,2.3283812046051025,0.42650445875628307
