question_id,correctness,snne
0,0.0,9.4688253172509
1,0.0,-8.534353223756732e-11
2,0.0,4.786425684663066
3,0.0,5.4227478408249326
4,0.0,9.871242061366852
5,0.0,10.041097730865612
6,1.0,0.43702574646638165
7,0.0,7.550440893693393
8,0.0,7.678569984244161
9,0.0,5.474363306424804
10,0.0,0.4827326717978332
11,0.0,5.301337595318252
12,0.0,9.93522755615723
13,1.0,5.310244971657332
14,1.0,5.76977162514127
15,1.0,4.747550980112681
16,1.0,7.533742331830155
17,1.0,-8.669811534979753e-11
18,1.0,3.0530437876505694
19,1.0,-8.30439716957751e-11
20,0.0,3.6266043562234045
21,0.0,11.879694532644681
22,0.0,12.270132814037105
23,0.0,7.595407154887636
24,0.0,5.803342459201296
25,1.0,3.0940909722409105
26,1.0,9.501186123648415
27,0.0,5.913674192258087
28,1.0,9.910921185301707
29,0.0,10.359248234067701
30,0.0,8.162126970734707
31,1.0,5.2763881963152635
32,1.0,7.711224227401928
33,1.0,2.367837854069048
34,1.0,7.094434200274476
35,1.0,10.267681396797418
36,1.0,7.6292719537962075
37,1.0,7.616063675850334
38,0.0,0.7232298410725807
39,1.0,8.045038420892057
40,1.0,5.826239711839172
41,0.0,1.1148139092407052
42,1.0,7.120445212568393
43,0.0,7.152299094972598
44,1.0,9.956337570211774
45,0.0,5.404183078659314
46,1.0,3.2161722659931717
47,1.0,1.3057684749173213
48,0.0,7.566286949024428
49,0.0,11.793252817687689
50,1.0,4.743462018107485
51,0.0,7.734703626736222
52,0.0,7.707551417712388
53,0.0,3.446557929582749
54,1.0,5.228953941158896
55,0.0,5.27862379215835
56,0.0,5.9135486624961615
57,0.0,9.934586547155778
58,1.0,10.274762698646846
59,0.0,4.767036519119791
60,1.0,1.2568841191104327
61,0.0,5.3344037901312715
62,1.0,3.4314655239783947
63,1.0,-8.22795609389194e-11
64,1.0,4.771337062348967
65,0.0,3.590318349604008
66,0.0,4.780051838508687
67,0.0,3.469021786998667
68,1.0,5.751797567456454
69,0.0,3.4428817964375624
70,0.0,-8.4744122826624e-11
71,0.0,8.316766823467756
72,0.0,5.381963411848917
73,0.0,7.615585720227331
74,0.0,18.78742536017403
75,0.0,2.373696035588109
76,0.0,9.500319582780847
77,1.0,9.948375008332095
78,1.0,2.3492667257884903
79,0.0,1.0591745639760028
80,0.0,10.080813684629739
81,1.0,7.125767210701831
82,0.0,12.314513096327243
83,0.0,7.595618186999353
84,1.0,7.648184766589796
85,1.0,2.385746657869709
86,0.0,9.918539860904925
87,1.0,-8.677516482769943e-11
88,0.0,3.323399571172936
89,1.0,2.376210676193284
90,0.0,9.560740611036646
91,1.0,2.9546305368850843
92,0.0,10.038902773721285
93,0.0,2.3508722261979162
94,0.0,9.993225338606837
95,0.0,7.666517668058363
96,1.0,5.302308749361576
97,0.0,2.4044963682635396
98,1.0,0.6588797915528785
99,1.0,2.833782032227236
100,1.0,2.389735098407718
101,0.0,9.503826894993932
102,1.0,0.7818507406636037
103,0.0,7.665822236578249
104,1.0,2.9254421694400174
105,0.0,9.4814820924912
106,0.0,4.044625331110264
107,1.0,7.562830933511249
108,0.0,5.7786200443153515
109,0.0,3.0156289134255756
110,1.0,0.5354786359657051
111,0.0,5.7781444026131155
112,1.0,5.1740837729436215
113,0.0,10.113893512699395
114,0.0,10.001572285038327
115,1.0,5.372660665006665
116,1.0,2.4105040893911323
117,0.0,4.750589456505734
118,0.0,7.583419029825025
119,0.0,2.3907348066829197
120,0.0,9.433402257467053
121,0.0,11.851036437892308
122,0.0,14.213348828965868
123,1.0,4.780371602438445
124,0.0,14.619775277087049
125,0.0,3.5797933229988836
126,0.0,3.105623366868142
127,0.0,7.506190358015114
128,0.0,2.3899463341084077
129,0.0,11.901758588584647
130,1.0,8.084188221226466
131,1.0,5.739927943744979
132,0.0,5.4340167132262405
133,0.0,8.171569947191681
134,0.0,10.020309859031638
135,0.0,9.49546320959601
136,0.0,7.684183503003737
137,1.0,9.47137200828527
138,1.0,0.6638007174564129
139,0.0,2.389504903299943
140,0.0,5.401450801938889
141,0.0,7.662934408675061
142,0.0,9.493230586070494
143,0.0,14.10448754487187
144,1.0,5.2818755253373215
145,0.0,3.1077204533010363
146,1.0,5.369261682775426
147,1.0,7.628167742647589
148,0.0,7.17008580913209
149,0.0,5.369482426256005
150,0.0,10.394398240866739
151,1.0,3.112789899772007
152,1.0,8.248137526466298
153,1.0,1.314435516972046
154,0.0,2.9120726142909903
155,1.0,1.1027549435348207
156,1.0,4.791120228418142
157,0.0,0.5596146535838351
158,1.0,4.735287879220057
159,0.0,9.987690614962002
160,0.0,0.7467356817093671
161,0.0,10.060799863112244
162,0.0,7.148783260702883
163,0.0,7.149654579864307
164,0.0,7.981265165134962
165,0.0,2.3721121470299904
166,1.0,2.8990748102864337
167,0.0,12.24757883770327
168,1.0,14.21737807964873
169,1.0,9.922911118785951
170,1.0,16.50067776823453
171,0.0,9.891723983423903
172,1.0,9.441791117229362
173,1.0,9.433492296217633
174,1.0,3.1234232775391293
175,1.0,-8.493949987448076e-11
176,0.0,4.7492039664319625
177,0.0,14.520390025064795
178,0.0,2.887672724721624
179,1.0,8.009895160280127
180,0.0,7.124153003073552
181,0.0,9.968215411242543
182,1.0,2.3856318692422223
183,1.0,2.870162392361569
184,0.0,12.352713580988274
185,0.0,8.063517581490448
186,1.0,0.6055744084589706
187,1.0,11.818030915742323
188,0.0,-8.371205950301906e-11
189,0.0,9.94665656259327
190,0.0,9.930313056045337
191,0.0,7.686148766400136
192,0.0,3.828145388445028
193,0.0,5.485303449798115
194,1.0,10.50973999167481
195,1.0,5.210644872099666
196,1.0,3.043447331142423
197,1.0,4.781073768210279
198,1.0,0.9694358063062302
199,0.0,3.573867336473183
200,1.0,5.808712416657032
201,0.0,3.054007314778864
202,1.0,2.3892825927319055
203,1.0,7.16050684484871
204,1.0,4.7520843199599785
205,1.0,7.532734705228303
206,1.0,2.9780796869145183
207,0.0,10.0821508474322
208,1.0,5.2665690795442455
209,1.0,5.723682599926223
210,1.0,0.770203006232028
211,0.0,7.551446945011078
212,1.0,7.119416190860169
213,1.0,-8.359806180285768e-11
214,0.0,9.901524895139064
215,0.0,7.933669765277611
216,0.0,3.025192217358065
217,0.0,8.149637643502524
218,1.0,2.799821516036885
219,0.0,7.164508737785899
220,1.0,9.478329215269273
221,0.0,0.8062270306856869
222,1.0,3.4110217433002687
223,0.0,8.234533549911678
224,1.0,7.611950682817105
225,1.0,5.43777204483906
226,1.0,2.98712045638427
227,0.0,5.751066414773718
228,0.0,7.198633204673004
229,0.0,5.7019704942466864
230,0.0,5.376964013558753
231,1.0,7.607808218871004
232,1.0,12.308085653234587
233,1.0,1.98112693882279
234,0.0,10.225909408484872
235,1.0,7.4618961810245565
236,1.0,12.28621301860855
237,1.0,2.379803467855148
238,0.0,3.0276091633180675
239,1.0,4.724052265422385
240,0.0,5.417578480459262
241,1.0,7.686314591754263
242,0.0,5.8151775639465795
243,0.0,3.071126720888894
244,0.0,2.836570288609008
245,1.0,5.84087771103217
246,0.0,7.104484659653616
247,1.0,-8.475364854017459e-11
248,1.0,3.5596231406434513
249,0.0,1.7447696118578933
250,0.0,9.904280698680022
251,0.0,12.249715862589202
252,1.0,3.609280454425787
253,1.0,4.753823297651597
254,0.0,0.6891845760278488
255,1.0,7.707020864224475
256,0.0,5.863416388794636
257,0.0,7.613362201566884
258,0.0,7.062878136953837
259,0.0,4.783068516597768
260,0.0,3.020633332788572
261,1.0,1.2818451554924801
262,0.0,7.569250218261013
263,1.0,0.7066741102523555
264,1.0,5.370076924209048
265,0.0,14.086405387463321
266,0.0,9.97602990731671
267,0.0,4.794364996660692
268,1.0,14.109675914492598
269,1.0,7.687226270151683
270,0.0,2.8908322447692134
271,1.0,7.148211628319251
272,1.0,5.202963538723782
273,0.0,5.421978466326911
274,0.0,7.767395857107775
275,0.0,0.5220479579056408
276,0.0,11.893328353956232
277,1.0,3.050062457289118
278,0.0,7.654700324733128
279,1.0,5.349066251855762
280,1.0,2.9381903394735076
281,1.0,7.15622871160655
282,1.0,5.331882189315801
283,1.0,4.749634832180403
284,1.0,7.683257347916383
285,1.0,2.9954202028055397
286,0.0,7.614918595807569
287,0.0,7.854421303722167
288,0.0,3.1512226891948445
289,0.0,3.061879522564341
290,1.0,1.1883773170111063
291,0.0,14.61680571447323
292,0.0,9.949319192771739
293,0.0,5.819932625345932
294,0.0,11.797377498461271
