method,auroc,auarc,prr,language,accuracy
num_set,0.5833333333333333,0.8127280187617233,0.8130008740845074,en,0.7864406779661017
lexical_sim,0.5829570333880678,0.8107928819072876,0.8110722970160189,en,0.7864406779661017
sum_eigv,0.5807676518883416,0.8227088519539291,0.8229478739438582,en,0.7864406779661017
degree_mat,0.5894909688013137,0.82553240289861,0.8257618535294047,en,0.7864406779661017
eccentricity_thr0.9,0.5994800218938151,0.8216638845117576,0.8219064487642027,en,0.7864406779661017
num_set,0.5931623533792589,0.62259413835332,0.6231208229748169,zh,0.5559322033898305
lexical_sim,0.49425153602681066,0.5607688927250878,0.5615051544504092,zh,0.5559322033898305
sum_eigv,0.5923943399739341,0.6397434571501202,0.6402120084875602,zh,0.5559322033898305
degree_mat,0.5973980636752931,0.63907817040316,0.6395489769499118,zh,0.5559322033898305
eccentricity_thr0.9,0.614131446657978,0.6498869399903158,0.6503211066401619,zh,0.5559322033898305
num_set,0.6219639865996651,0.7572862070287468,0.7575574000069314,fr,0.6745762711864407
lexical_sim,0.6265441792294807,0.7504822006607422,0.750776458067293,fr,0.6745762711864407
sum_eigv,0.6495236599664991,0.7617475188785301,0.7620035887656983,fr,0.6745762711864407
degree_mat,0.6426926298157453,0.7596592306171898,0.7599223794476171,fr,0.6745762711864407
eccentricity_thr0.9,0.6426664572864322,0.7627686219433578,0.7630212304642047,fr,0.6745762711864407
num_set,0.49729467258601556,0.5596464304946179,0.5603577697994624,ja,0.5389830508474577
lexical_sim,0.5086246762856086,0.5664622646608127,0.56715049944306,ja,0.5389830508474577
sum_eigv,0.5260821309655938,0.5702800167890303,0.5692603947844022,ja,0.5389830508474577
degree_mat,0.5420828708842027,0.5826725935954101,0.581610962855845,ja,0.5389830508474577
eccentricity_thr0.9,0.575633555308916,0.5991397693448195,0.5980223176705107,ja,0.5389830508474577
