question_id,correctness,semantic_entropy,predictive_entropy,cluster_entropy,num_clusters
0,0.0,1.5763303085307705,1.0540515144991605,1.6094379124341003,6
1,0.0,1.7206981987709178,1.0595287948034737,1.6957425341696346,6
2,0.0,1.5094925371125918,1.2293056032830014,1.6094379124341003,6
3,0.0,1.848421881460996,1.4289497429615388,1.8343719702816235,7
4,0.0,1.3746387485434441,0.8836025046392407,1.3592367006650063,5
5,0.0,1.4990646207619203,1.0953057436318439,1.5047882836811908,5
6,1.0,0.1924711776638738,0.7533109042139872,0.3250829733914482,2
7,0.0,0.7994761785927508,0.7005134132709354,0.8018185525433372,3
8,0.0,1.8095930934801656,0.9633151163722952,1.8866967846580784,7
9,0.0,1.4671966747599188,0.961305903248963,1.6094379124341003,6
10,0.0,0.5439204743394654,0.5236349853447185,0.5004024235381879,2
11,0.0,2.0898566367953357,1.2645402320895396,2.163955656882057,9
12,0.0,1.8950288276848606,1.4555639008539178,2.0253262207700677,8
13,1.0,0.8941252222652595,0.8242663735301002,1.0888999753452235,4
14,1.0,1.436068510510418,1.0203324648496737,1.4708084763221112,5
15,1.0,0.5522451981923348,0.49107828517993746,0.639031859650177,3
16,1.0,1.5269553774725768,1.0334002473265198,1.6094379124341003,6
17,1.0,1.2307010160873983,0.6577877808411728,1.3592367006650063,5
18,1.0,1.7647933726684542,1.0139863049859348,1.8343719702816235,7
19,1.0,-0.0,0.640406633015615,-0.0,1
20,0.0,1.314937740336464,1.0508788139602414,1.4184836619456564,5
21,0.0,1.7071213080491927,1.3205875974376042,1.6434177197931796,6
22,0.0,2.034986645843951,1.0348086131805025,2.163955656882057,9
23,0.0,0.7417929577390012,1.0034627259158007,0.9404479886553263,4
24,0.0,1.4673579658885938,1.1522941423219115,1.5047882836811908,5
25,1.0,0.49370334386551284,0.7087984674477503,0.5004024235381879,2
26,1.0,1.1400536678444204,0.7405705990799031,1.1682824501765625,4
27,0.0,1.2144763515552672,1.0268570731733955,1.2798542258336674,4
28,1.0,1.3458578471320515,0.7388379182519931,1.3592367006650063,5
29,0.0,1.3534761982339047,1.344217588031083,1.4708084763221112,5
30,0.0,0.9063554707444257,1.0997698349225344,0.9404479886553263,4
31,1.0,1.7537437121426696,1.0532216497194402,1.8343719702816235,7
32,1.0,0.9603514628693939,1.0966654128564182,1.0888999753452235,4
33,1.0,0.9478892841780269,0.8842025429934479,1.0888999753452235,4
34,1.0,0.443517290235506,0.8068602460310264,0.639031859650177,3
35,1.0,2.0178797243877074,1.0583124134847623,2.0253262207700677,8
36,1.0,0.9064244647623478,0.7063398406576031,0.9433483923290391,3
37,1.0,0.397167058253277,0.7092890047177702,0.639031859650177,3
38,0.0,1.4003270080351742,0.8816313244908376,1.6094379124341,6
39,1.0,1.9592576530316654,0.7715515910487158,2.0253262207700677,8
40,1.0,0.6183874813576749,0.6045645842345149,0.8018185525433372,3
41,0.0,1.1675646138311544,0.8862529276670947,1.2798542258336674,4
42,1.0,0.5567448870797772,0.6967857777904022,0.8018185525433372,3
43,0.0,1.678657030958823,1.1049995752187713,1.6957425341696346,6
44,1.0,0.6465089285009888,0.7962199620667045,0.8018185525433372,3
45,0.0,1.9130000827012454,0.9305643107333369,2.0253262207700677,8
46,1.0,0.8336092539717282,1.011511226046286,0.8018185525433372,3
47,1.0,1.50452386671348,0.4706505867599827,1.6434177197931796,6
48,0.0,1.6826864537816228,1.1623405652732306,1.6434177197931796,6
49,0.0,0.4914457609822789,1.047521328345642,0.639031859650177,3
50,1.0,1.27271764673317,0.9344386221109804,1.4708084763221112,5
51,0.0,1.1189280016804828,0.8898046099447612,1.2798542258336676,4
52,0.0,1.519742123711939,0.9684287624298136,1.5571130980576458,5
53,0.0,0.9825216754214043,1.0018005316016003,1.2275294114572126,5
54,1.0,1.4981156140266894,1.0711042669584985,1.6434177197931796,6
55,0.0,2.1362803044504117,1.2801136908482482,2.163955656882057,9
56,0.0,1.5396357303544868,1.1433137614772464,1.5571130980576458,5
57,0.0,1.9525229860357076,1.373879978437755,2.0253262207700677,8
58,1.0,1.6494888929200278,1.245974378934171,1.8343719702816235,7
59,0.0,1.0379116280995329,1.482729377586693,1.3592367006650063,5
60,1.0,0.7661863680958975,0.505784996319445,0.8018185525433372,3
61,0.0,1.263353770736557,1.0530379592562586,1.6094379124341,6
62,1.0,1.2203151654289004,0.8957452056910229,1.4708084763221114,5
63,1.0,1.2719541842030027,1.1791356077247246,1.3592367006650063,5
64,1.0,0.4229067259290835,1.2047818246008344,0.3250829733914482,2
65,0.0,1.1078720016663797,1.0907818493688592,1.1682824501765625,4
66,0.0,0.7270028021710714,1.19286363046769,0.8018185525433373,3
67,0.0,1.4013201671585476,1.3867088985611844,1.4978661367769952,6
68,1.0,1.8840021254420845,1.0256049227302904,2.0253262207700677,8
69,0.0,1.386433236809273,0.9494506618481797,1.6094379124341003,6
70,0.0,1.020903580834069,0.5643952233864253,0.9404479886553263,4
71,0.0,2.008386624353973,1.206082983582674,2.163955656882057,9
72,0.0,1.5162404689872417,1.0787611339610275,1.6434177197931796,6
73,0.0,1.3514872603393744,1.4671701290952024,1.4184836619456564,5
74,0.0,0.1642866818107137,0.8265475429882685,0.3250829733914482,2
75,0.0,1.1274720488137087,0.7779598115294826,1.1682824501765625,4
76,0.0,0.6499786439695592,0.8522170264588735,0.639031859650177,3
77,1.0,1.528977654528541,1.0597989430946733,1.8343719702816235,7
78,1.0,0.7241616356376994,0.43225359325208423,0.9404479886553263,4
79,0.0,1.7639570966016178,0.9711052173958891,1.8343719702816235,7
80,0.0,0.229715443633427,0.7165773814800903,0.3250829733914482,2
81,1.0,1.5286097828749676,0.8467357035123045,1.6094379124341003,6
82,0.0,1.6967973836435735,0.8654775063308835,1.8343719702816235,7
83,0.0,1.6418613005338802,1.3433879737480627,1.6094379124341,6
84,1.0,1.2425630701424097,0.6695369511524074,1.4184836619456564,5
85,1.0,1.538437507367229,0.7295008566146886,1.6094379124341003,6
86,0.0,1.348666735837418,0.8987274423553178,1.4708084763221112,5
87,1.0,-0.0,0.4811693525409451,-0.0,1
88,0.0,1.3700496673403944,0.9487445641966843,1.4184836619456564,5
89,1.0,1.5160328276099027,0.9703128497316383,1.6094379124341003,6
90,0.0,2.27251752555023,1.4736998285048468,2.3025850929940455,10
91,1.0,1.2609530464111103,1.5971810842886178,1.2206072645530175,4
92,0.0,1.8068151712719362,1.2424372504680976,1.8343719702816235,7
93,0.0,2.020979945889459,0.9988685224078397,2.0253262207700677,8
94,0.0,1.4676289391610942,0.8771603469603967,1.6094379124341,6
95,0.0,1.1127441224338903,1.0025958981522933,1.2206072645530173,4
96,1.0,0.374467851766308,0.939772097919542,0.5004024235381879,2
97,0.0,1.8378352941674894,0.9547920156628592,1.8866967846580784,7
98,1.0,1.1136475512916026,0.5438483591277627,1.2206072645530173,4
99,1.0,-0.0,0.9536973135551252,-0.0,1
100,1.0,0.7123075660916387,0.7817961867375978,0.9404479886553263,4
101,0.0,1.9089890733239796,1.3652828356341655,1.9730014063936128,8
102,1.0,1.1470660134400317,0.48655922373005367,1.193549604098133,4
103,0.0,1.1494928213436997,1.0715705533594753,1.1682824501765625,4
104,1.0,1.5274352554477308,0.7492455888573091,1.7480673485460891,7
105,0.0,0.7471232679845196,1.025170588239003,0.8018185525433372,3
106,0.0,1.7150518670448711,1.343456340560654,1.8343719702816235,7
107,1.0,1.283241477604086,0.47602386016142584,1.3592367006650063,5
108,0.0,1.1718115943380085,1.2142274286597792,1.1682824501765625,4
109,0.0,1.3239558618091598,1.0418020155893022,1.4184836619456564,5
110,1.0,1.1883938832602485,0.8748694708571059,1.2206072645530173,4
111,0.0,1.7810636682684777,1.2986366428624063,1.8343719702816235,7
112,1.0,1.3306310702099662,0.7899204041864236,1.3592367006650063,5
113,0.0,1.7028139089493415,1.3268854059145139,1.7480673485460891,7
114,0.0,0.4896579820962234,1.4184373640986325,0.639031859650177,3
115,1.0,1.3644063510580575,1.1086683179178676,1.4708084763221112,5
116,1.0,0.44117223146183104,0.7184905253811756,0.5004024235381879,2
117,0.0,1.4126158146121874,1.1195770584755667,1.4184836619456562,5
118,0.0,1.6414026254141185,1.1386745644111984,1.8343719702816235,7
119,0.0,1.8712014794374088,1.0527510384576058,1.8343719702816235,7
120,0.0,1.7533631541810595,1.411557677963259,1.8866967846580784,7
121,0.0,1.669605824128161,1.3181572333049243,1.6094379124341003,6
122,0.0,1.6529785964837849,1.5345079196607019,2.0253262207700677,8
123,1.0,1.3813419476410034,0.5966441944405194,1.5047882836811908,5
124,0.0,2.0376564958443475,1.5358584501440409,2.163955656882057,9
125,0.0,1.3329658037794887,1.1291459994992412,1.2275294114572126,5
126,0.0,0.893176253727508,0.8131869490241124,1.2275294114572126,5
127,0.0,1.12599818338701,1.1326589657504136,1.1682824501765625,4
128,0.0,1.8733141357893672,0.976612656204783,1.8866967846580784,7
129,0.0,1.6067237499685794,1.4592481733136602,1.6957425341696346,6
130,1.0,1.289982942630016,0.8309531008609946,1.6094379124341003,6
131,1.0,1.049367496444527,0.7805415972111561,1.3592367006650063,5
132,0.0,0.7051555085733817,0.8348067580879635,0.9404479886553263,4
133,0.0,2.0494728577175776,0.9805849021103837,2.163955656882057,9
134,0.0,1.7981308018928956,1.3539269152754212,1.8343719702816235,7
135,0.0,0.857176746887456,1.3409728342973328,0.8018185525433372,3
136,0.0,1.0620522803533459,0.7593470542558677,1.193549604098133,4
137,1.0,1.3882670254858682,0.6095568940370149,1.3592367006650063,5
138,1.0,0.4913799562442843,0.745858401462343,0.639031859650177,3
139,0.0,0.9080872688213367,0.6128976514115221,1.0888999753452235,4
140,0.0,0.667730454810469,1.0312839711390391,0.6730116670092565,2
141,0.0,1.6752420610117467,0.5688337123999804,1.6957425341696346,6
142,0.0,0.6931033619910585,0.9045048697593415,0.6730116670092565,2
143,0.0,1.5476800812214373,1.134697280253679,1.6434177197931796,6
144,1.0,1.5981851654194923,0.7006971350422775,1.6434177197931796,6
145,0.0,0.45124244127791874,0.9093107588523124,0.5004024235381879,2
146,1.0,0.2550917987176432,0.7371423326407206,0.3250829733914482,2
147,1.0,1.7560649707665927,1.3165154169536966,1.8866967846580784,7
148,0.0,1.4226296136501495,1.3060964716139782,1.6094379124341,6
149,0.0,1.117942454665296,0.9290751125463359,1.2275294114572126,5
150,0.0,2.2651704695113697,1.2477545243135246,2.3025850929940455,10
151,1.0,0.9521776436332522,0.953441522351444,1.0888999753452238,4
152,1.0,1.5689875671116162,1.3556657007095496,1.6094379124341003,6
153,1.0,0.8480813099998823,0.6584129094736106,0.9433483923290391,3
154,0.0,0.9734817534886815,0.9896375321473337,1.0296530140645737,3
155,1.0,1.0291660223846877,0.9916071773114433,1.0296530140645737,3
156,1.0,-0.0,0.8635173647156703,-0.0,1
157,0.0,1.17427207251899,1.3119266367801181,1.2206072645530175,4
158,1.0,1.1171688590992517,0.752622604046641,1.193549604098133,4
159,0.0,1.758974642253532,1.1787317190959716,1.7480673485460891,7
160,0.0,1.0176717471593486,0.6571384889127654,1.1682824501765625,4
161,0.0,0.8394847568235841,0.673719236904373,0.9502705392332347,3
162,0.0,0.8941547982215221,1.5291551512347377,0.9404479886553263,4
163,0.0,-0.0,1.3917395315279442,-0.0,1
164,0.0,0.8859075559961533,0.7024893166049193,1.0549201679861442,3
165,0.0,1.6800995837023103,1.135694615329251,1.6957425341696344,6
166,1.0,1.6427982957175107,1.016395240173569,1.6957425341696346,6
167,0.0,1.5569299032210882,0.9577853385863835,1.6434177197931796,6
168,1.0,2.013092293749942,0.8003786081853306,2.0253262207700677,8
169,1.0,1.9957868608060592,0.9687571564944747,1.9730014063936128,8
170,1.0,1.2202369217617877,1.2157528782712297,1.4978661367769952,6
171,0.0,1.6337870790277995,0.9416230935620495,1.6957425341696346,6
172,1.0,1.9617716540522436,0.8367037514486361,2.0253262207700677,8
173,1.0,0.1384115582471316,0.6329711851376534,0.3250829733914482,2
174,1.0,0.5630475923506157,1.287000356794077,0.8018185525433373,3
175,1.0,1.0879989862636588,0.9467670169321408,1.3592367006650063,5
176,0.0,0.8541052107665094,1.0616336959475465,1.0888999753452235,4
177,0.0,2.060261186791102,1.0156277415616504,2.163955656882057,9
178,0.0,0.8556395514401115,0.8334617384103448,0.8979457248567797,3
179,1.0,1.6425896987747461,1.2723651804924045,1.6957425341696346,6
180,0.0,1.3783317909331418,1.076477320055205,1.6094379124341,6
181,0.0,0.48373758727541977,1.2845689267461788,0.8018185525433372,3
182,1.0,0.5866433372739002,0.8229050421783114,0.639031859650177,3
183,1.0,0.6625162882269292,0.7410636553449637,0.9404479886553263,4
184,0.0,1.9530016458879924,1.1460932996342579,1.9730014063936128,8
185,0.0,1.7396183378390637,1.3351700278523257,1.8866967846580784,7
186,1.0,1.0735413634124995,0.8192003340127144,1.2798542258336676,4
187,1.0,0.5796708987082164,0.7358720117477444,0.639031859650177,3
188,0.0,1.588599606256397,1.1444275542116011,1.7480673485460891,7
189,0.0,1.3343993961828073,1.039942835129453,1.4184836619456564,5
190,0.0,1.0333666438912115,1.070541009388234,1.2275294114572126,5
191,0.0,1.948235810793943,1.2768312130923754,2.0253262207700677,8
192,0.0,0.9732971550890306,0.7152381014412927,1.2275294114572126,5
193,0.0,1.9973884805558217,1.3068692796386439,2.0253262207700677,8
194,1.0,1.7653778351460367,1.021450178642918,1.8343719702816235,7
195,1.0,1.1852326048045314,0.8476666638593159,1.3592367006650063,5
196,1.0,1.3871282619503773,0.9524097335697073,1.4184836619456564,5
197,1.0,1.5330592011116304,1.197908370623293,1.5571130980576458,5
198,1.0,1.3015820709671315,1.1547422816086785,1.4978661367769952,6
199,0.0,1.4566379977099964,1.384428262368888,1.5047882836811908,5
200,1.0,0.961440227313668,0.9948229655624322,1.2275294114572126,5
201,0.0,1.9415601044565107,1.215448587677165,2.163955656882057,9
202,1.0,0.7756403162671293,1.1019891498244856,0.9404479886553263,4
203,1.0,0.12615078975845095,0.4648402172427585,0.3250829733914482,2
204,1.0,1.27008249453752,0.7576621417524002,1.4978661367769952,6
205,1.0,0.743285748277432,0.898933017796622,0.8018185525433372,3
206,1.0,1.10800959423667,0.5525989106196366,1.2275294114572126,5
207,0.0,1.1308378230948655,0.9117524945621447,1.1682824501765625,4
208,1.0,1.4502930629980502,0.746902146833976,1.5047882836811908,5
209,1.0,0.2326064086868958,0.8839045094029299,0.3250829733914482,2
210,1.0,1.3895641570179493,1.078068691733101,1.6094379124341003,6
211,0.0,1.2008647753596426,1.0146333325231425,1.3592367006650063,5
212,1.0,0.5682167212653717,0.7390771996293841,0.639031859650177,3
213,1.0,0.6337794275290682,0.6896348178454058,0.8979457248567797,3
214,0.0,1.8028661680890392,1.3294732136044956,1.8866967846580784,7
215,0.0,1.3441087767990627,1.270229827593432,1.4184836619456564,5
216,0.0,1.72091208336003,0.9263425065384693,1.8343719702816235,7
217,0.0,1.4738296388416239,0.9678145425564368,1.4708084763221114,5
218,1.0,1.1379365487713522,0.9667095862947962,1.3592367006650063,5
219,0.0,2.1085490719777593,0.9521788182304803,2.163955656882057,9
220,1.0,1.6535713562599703,0.9817330869818784,1.6957425341696346,6
221,0.0,0.46237596548579524,0.9667425688916191,0.639031859650177,3
222,1.0,0.21553665743570838,0.7607012923879859,0.3250829733914482,2
223,0.0,1.9216979542751371,1.4297159900715664,1.9730014063936128,8
224,1.0,1.61048602646471,1.60058447175902,1.6094379124341,6
225,1.0,0.5245904067413489,0.6311077086104199,0.9404479886553263,4
226,1.0,0.17407899975521496,0.6181693855154009,0.3250829733914482,2
227,0.0,1.962054279456166,1.0129025646038303,2.163955656882057,9
228,0.0,1.0420446527213068,1.2592297719269332,1.0549201679861442,3
229,0.0,0.7001410875507341,0.9515060051654569,0.8018185525433372,3
230,0.0,0.6300295552963027,1.215400784254954,0.639031859650177,3
231,1.0,1.2555559778377432,0.8708433026223819,1.2798542258336676,4
232,1.0,1.07994938931527,1.1191852093698016,1.1682824501765625,4
233,1.0,0.2593360265495303,1.243992652518339,0.3250829733914482,2
234,0.0,2.020241411154737,1.5082797770331227,2.0253262207700677,8
235,1.0,-0.0,0.9651881515565319,-0.0,1
236,1.0,1.5221375585136623,1.4361179638887742,1.7480673485460891,7
237,1.0,0.24577427213516367,0.5542070090662827,0.3250829733914482,2
238,0.0,1.3648885484107067,1.024129476645738,1.366158847569202,4
239,1.0,1.6615104790372963,0.6211395163917894,1.6957425341696346,6
240,0.0,1.8891309221932242,1.0506343107467795,1.8866967846580784,7
241,1.0,1.7628184464776224,1.3509013971084622,1.8866967846580782,7
242,0.0,1.4266843987248194,1.0140114409090075,1.4708084763221112,5
243,0.0,0.8038276533873032,0.8605354399436574,0.8979457248567797,3
244,0.0,1.1622290830061877,1.035190964243625,1.1682824501765625,4
245,1.0,1.832674434530436,1.0038976341876962,1.8343719702816235,7
246,0.0,1.8299862554603337,1.0053966972550668,1.8866967846580784,7
247,1.0,1.550774409507103,1.0507585014056278,1.6094379124341,6
248,1.0,0.4834757324981257,1.022921834552839,0.639031859650177,3
249,0.0,1.5467073468090156,0.8931355412944508,1.8343719702816235,7
250,0.0,1.4027771359036394,1.2582272704577762,1.4708084763221112,5
251,0.0,2.0196999252951926,1.1336742239379585,2.163955656882057,9
252,1.0,0.6492447888474009,0.5369265345495926,0.6931471805599453,2
253,1.0,0.5675977388168002,0.8287989427741834,0.6108643020548935,2
254,0.0,1.735552743495122,1.0228070744081386,1.8343719702816235,7
255,1.0,1.4112770572092228,0.8287168315360047,1.5047882836811908,5
256,0.0,1.9218836935078487,1.3340361234719915,2.0253262207700677,8
257,0.0,1.4550054294405383,1.3361481523527374,1.4708084763221112,5
258,0.0,-0.0,0.7707173214955692,-0.0,1
259,0.0,1.7203360565350474,1.1300593955755582,1.8343719702816235,7
260,0.0,0.5599490238662188,0.9981902494719364,0.9404479886553263,4
261,1.0,1.4297435571480213,0.8181953782355095,1.4978661367769952,6
262,0.0,1.5115825848007722,1.2855127726821332,1.5047882836811908,5
263,1.0,1.8919094619835526,1.2613312055649732,1.8866967846580784,7
264,1.0,1.5899671789864451,0.9761596941806012,1.6434177197931796,6
265,0.0,1.290620443071822,1.4664323360409846,1.4184836619456564,5
266,0.0,0.7690721908428022,0.7994039745539258,1.0888999753452235,4
267,0.0,1.6278830641272437,0.7175159876221199,1.6957425341696346,6
268,1.0,1.3162161012308184,1.1965382713049115,1.3592367006650063,5
269,1.0,1.4009579149190994,1.1636774573102802,1.4708084763221112,5
270,0.0,1.2981505105529179,1.1693669421588724,1.4708084763221112,5
271,1.0,0.7176351231575675,0.8786122747577109,0.8018185525433372,3
272,1.0,1.3609403442408337,0.9880197615409967,1.6094379124341,6
273,0.0,1.667812438480332,1.457518236010723,1.6957425341696346,6
274,0.0,2.1167579000172667,1.2547655100581943,2.163955656882057,9
275,0.0,1.4297094321344876,0.8651749787742762,1.6434177197931796,6
276,0.0,1.2222382289830094,1.185895123759709,1.2206072645530175,4
277,1.0,0.3530422863087983,0.7750012851580373,0.639031859650177,3
278,0.0,1.6631868744843044,0.8657168612595225,1.8343719702816235,7
279,1.0,0.5926055570055329,1.1383986361078944,0.6730116670092565,2
280,1.0,1.1136734032139852,1.202364518679233,1.1682824501765625,4
281,1.0,1.5916091739563218,1.1105801989616038,1.6094379124341003,6
282,1.0,1.3654760345401964,0.9142149208166754,1.4184836619456562,5
283,1.0,1.9450528173632362,1.215899281926472,1.9730014063936128,8
284,1.0,1.389839230386462,1.1673659221495565,1.6094379124341,6
285,1.0,0.48503199038626144,0.984801876867931,0.5004024235381879,2
286,0.0,1.9940572385420006,0.7447011704389904,2.0253262207700677,8
287,0.0,0.22875304391468315,0.743163608353299,0.3250829733914482,2
288,0.0,1.8038848318117124,1.3660031973467968,1.8343719702816235,7
289,0.0,1.3973796709359074,1.1368936409155934,1.5047882836811908,5
290,1.0,1.0513615950664699,1.0741586088562287,1.2275294114572126,5
291,0.0,1.987536557381035,1.5429025662908167,1.9730014063936128,8
292,0.0,-0.0,0.8368475540768066,-0.0,1
293,0.0,1.2490758817329919,1.0343233068405144,1.3592367006650063,5
294,0.0,1.2711038555908445,1.0766174084374758,1.4708084763221112,5
